-0.0001628460512723068,  -0.0012449504590910053
-0.00041872544705353796,  -0.0011823334378549977
0.00014431377484583634,  -0.0007608072498878464
0.00016260839768414176,  -0.0007853271497298583
3.647166223475495e-05,  -0.0007568521513968512
-5.623783664491184e-05,  -0.0008213981603255472
-4.041994760656912e-05,  -0.000860123621699774
-2.445488096808e-05,  -0.0008907440875786333
-2.4637341432539534e-05,  -0.0009253678367649566
-8.23988064536785e-05,  -0.0009387818416218034
-0.00010104098078020317,  -0.000915209187404636
-8.466005931893966e-05,  -0.0008895013812130506 
-0.00010445559477097284,  -0.0008967920742491174 
-0.00014448101568327614,  -0.0009386777185083078 
-0.00018216707245399181,  -0.0010018318953069546 
-0.00024229709804923238,  -0.001107677838093353 
-0.0002727395396202973,  -0.0013601150613820289 
-0.0004917225294035621,  -0.0017271515852655345 
-0.0008163523947588311,  -0.0019426362833711536 
-0.001197985010915826,  -0.002079504222271451 
-0.001630666927678003,  -0.0022192342686375485 
-0.0019526467320535603,  -0.00225710084277467 
-0.002224151098995281, -0.002295737984388194 
-0.002336127868869404, -0.0023425697236476415 
-0.002467848182523647, -0.0024597009739032874 
-0.0028391252614754082, -0.0028043481255570473 
-0.0030489065117816484, -0.0032153190025418386 
-0.003253713577023188, -0.003689002469940001 
-0.003453557319171279, -0.005140915452251157 
-0.003799108612314898, -0.005591794998472074 
-0.0044099810884392614, -0.006701492207562559 
-0.005097359509836433, -0.007010398188506718 
-0.00596602725335951, -0.007979272348359982 
-0.00647865008353871, -0.008325018765917834 
-0.006908535446767331, -0.009064521706250137 
-0.0072562015659918405, -0.00937605773541881 
-0.007960343438666102, -0.00992308074491733 
-0.008849535475114845, -0.01080263793198039 
-0.009604677832305999, -0.011363480836991178 
-0.010549978202086419, -0.012189016441730928 
-0.011154460936533144, -0.012863813805764053 
-0.011532358147008178, -0.01389684573417188 
-0.011781419704642554, -0.015151094227007864 
-0.012013076418788762, -0.01561045330317973 
-0.012512987988480105, -0.01635643665525893 
-0.0131948666259439, -0.017624452835435882 
-0.013603330652294405, -0.01797280423728086 
-0.014167395489199862, -0.018561409100964304 
-0.014419991879780105, -0.019731102330663344 
-0.014669664692559495, -0.020328392062903038 
-0.015163583238029058, -0.020796483134039784 
-0.01604075677359798, -0.02162996120105003 
-0.01683273686025404, -0.02279715164850525 
-0.0180771140952173, -0.02341901244287866 
-0.018558258909118427, -0.024342175693767273 
-0.018846007168097145, -0.02483959204143194 
-0.019020567258164003, -0.025544364136461006 
-0.019404192063477932, -0.026230312589564375 
-0.01966295167830015, -0.026453904357541632 
-0.0201646186682374, -0.026549922851974415 
-0.020668330123038803, -0.02681872182642903 
-0.020769067879028835, -0.02732135169489489 
-0.020844441900145325, -0.027373746018391053 
-0.020996483633779015, -0.027984212209636018 
-0.02115020994703091, -0.02826911361207845 
-0.02153868849652291, -0.029095104487774616 
-0.02230977788095525, -0.029014663407757386 
-0.022586725716679166, -0.029464948482887547 
-0.02278588723481511, -0.029831205586012467 
-0.02294100514077562, -0.030358390153146477 
-0.02288992889412891, -0.03045096152580115 
-0.022941062846132204, -0.0308497464180171 
-0.02304735317991602, -0.03090263554934818 
-0.023056247541988772, -0.03089174864448396 
-0.023023269349846824, -0.030871924643998815 
-0.02301559145590993, -0.030846320287698632 
-0.023053491647898716, -0.030798182102467278 
-0.023028620822896723, -0.03080062827375421 
-0.023033240869826197, -0.030835208178108073 
-0.02306725580395838, -0.030890770387309186 
-0.023069724442980895, -0.03093221116206426 
-0.023065751022936478, -0.030970649251006302 
-0.023017846924777874, -0.031194809877564254 
-0.023026207270042964, -0.031200135762279417 
-0.023034530250535205, -0.03119915370492838 
-0.023024304342455698, -0.031226673192941323 
-0.023046798308424078, -0.031230877011691388 
-0.023047344869066223, -0.031262135631300335 
-0.023054861865566267, -0.03126768142311037 
-0.02305659414123282, -0.03124227889049857 
-0.023033631218796233, -0.031244003566157676 
-0.02303857531509109, -0.03124322668718735 
-0.02304098454639693, -0.031243743882368464 
-0.023043363223241353, -0.031244720687539033 
-0.02304660076773221, -0.03127220038019065 
-0.02305091736004065, -0.031272476000397134 
-0.023075609458322505, -0.031274813193009246 
-0.02307992560479021, -0.03127813548675337 
-0.023061623222913566, -0.03125232812412664 
-0.02308905484755998, -0.031252427720693386 
-0.023090677167326365, -0.03125295167873809 
-0.023095620537263804, -0.03128125151731244 
-0.023098120993889144, -0.031281649332559586 
-0.023099999952161228, -0.03128191247595299 
-0.023102188882015484, -0.03130987806014442 
-0.023106107335205593, -0.03128437460112883 
-0.023111546077471633, -0.031284523830428325 
-0.02311468334525596, -0.031284847799391294 
-0.023120268289915626, -0.031283053039589545 
-0.023123558825672037, -0.031311263626636845 
-0.023148254701032784, -0.031313237386662626 
-0.023126881193804166, -0.03131761516879265 
-0.023129735893293518, -0.031318183316464854 
-0.023131046305192898, -0.031318858486981245 
-0.023133929232345293, -0.03131934250982708 
-0.02316150704246216, -0.03134560079980715 
-0.023167970352461622, -0.03134584984723789 
-0.023171759788207822, -0.031347871888731255 
-0.023175248348194268, -0.031374485749977137 
-0.023177524027455577, -0.031376659384687734 
-0.023181148623958987, -0.03137735954377171 
-0.023183550191280027, -0.03135177788660214 
-0.023186775424185724, -0.03135398175984883 
-0.023188295076284893, -0.03135461045297299 
-0.023216872297512205, -0.03135459629711129 
-0.023217723706795645, -0.03135500912686437 
-0.02322083870709502, -0.03135878652689107 
-0.023224356523493948, -0.03135920882832555 
-0.023226534948080545, -0.031361516195094565 
-0.023228745328584096, -0.031362061541987764 
-0.023232534356524656, -0.031362454644845265 
-0.02323564752386717, -0.03138896472175289 
-0.023262775382115058, -0.031362775853424896 
-0.02326533953655273, -0.03139280214194125 
-0.022663047973652917, -0.03213739938309762 
-0.022777317518879313, -0.03148703474347435 
-0.02330339095915181, -0.032698211742484176 
-0.024631422175036537, -0.03312606516167096 
-0.025509346953560372, -0.033062228916739496 
-0.02608180007654102, -0.03357874952832631 
-0.02572839725378357, -0.03420896296944114 
-0.025008096746684107, -0.035291781821750454 
-0.02443092010465762, -0.035426046285930886 
-0.023832013888716586, -0.03536124457490843 
-0.023936084104611663, -0.03580398725421323 
-0.02432255567256277, -0.03597934892700357 
-0.024803474205814104, -0.03586622097892141 
-0.02517775629621269, -0.03594294727403299 
-0.02507390142709627, -0.035873485868451405 
-0.024577440941423667, -0.035662242340089516 
-0.023995235947982307, -0.035435154392843955 
-0.02368002661845251, -0.034952424741423044 
-0.023483355626129025, -0.03500631147179388 
-0.02369133643286585, -0.0350074309541354 
-0.024006527703852015, -0.03417113257544396 
-0.024064634733862923, -0.03447877179625004 
-0.024176959359153226, -0.034497378681448365 
-0.0237539117514583, -0.033972854571347286 
-0.023396060652392598, -0.034376075847113156 
-0.023264696730186454, -0.034005522158645114 
-0.023180034344441804, -0.034023857930028066 
-0.023285004679209586, -0.03463116556567201 
-0.02355851167798106, -0.03356451229396996 
-0.023832085453634303, -0.03371061632048111 
-0.023712251872405055, -0.03366232101490324 
-0.023865276057847194, -0.03341641310291244 
-0.02349553391622413, -0.03326300901674363 
-0.023232824935121844, -0.03304035073042737 
-0.023224524271282212, -0.03288699612015889 
-0.02308164764404113, -0.03266482248661613 
-0.023398524112663535, -0.03289895184120868 
-0.023800707068884156, -0.03296671176586142 
-0.023917302938559745, -0.03296849366104084 
-0.024137466675873197, -0.0330915356781068 
-0.024340085990553352, -0.033506185465031056 
-0.024565707281041745, -0.0333230784949925 
-0.024511585793303366, -0.033432647173706934 
-0.02509665602189701, -0.03327603788898467 
-0.025428972805765167, -0.032840807099289486 
-0.025047135370925323, -0.03228321327064791 
-0.024565993734791857, -0.03197456478342166 
-0.024068339781954003, -0.031904696147181326 
-0.023802005033779973, -0.03152458503281881 
-0.023588235139305594, -0.031770073754674194 
-0.02378949755789795, -0.031641394392247404 
-0.0246334779672654, -0.03191917868383612 
-0.02442886108977674, -0.03260428054652829 
-0.024468678180446922, -0.03356951941499501 
-0.024421546415175435, -0.03380768494049012 
-0.024331434364032557, -0.03391545268788468 
-0.024294195232429577, -0.03392301456604874 
-0.02429360110576201, -0.033767853768036704 
-0.02427560160681417, -0.03352376178076626 
-0.02428701802345955, -0.03332426213894002 
-0.02427057617770461, -0.03319423825748563 
-0.024257524304862443, -0.033242788911892474 
-0.0242744741724977, -0.033395619105196166 
-0.024287241381180748, -0.0335832891984834 
-0.024234797169471935, -0.03396008748092898 
-0.024327575399101284, -0.03384109045972626 
-0.024576621847925414, -0.03370797630983259 
-0.024792027869874767, -0.03349553590939872 
-0.0248169187068883, -0.03340709786580812 
-0.02492494212881459, -0.03342886346215587 
-0.02494117608370376, -0.03341217857272843 
-0.02479032185610336, -0.033189419237847635 
-0.024993105288637157, -0.033323215978446 
-0.02501879949121872, -0.0334919311266016 
-0.024961198809195524, -0.03354730852891202 
-0.024340424219175007, -0.034494563982916 
-0.023834097957070127, -0.03699124924532549 
-0.023431239031857856, -0.03796604176924764 
-0.02395766613031454, -0.03817359109901101 
-0.023909285824844844, -0.038914131330134424 
-0.023824890541858167, -0.03933144872557087 
-0.023789036924276974, -0.03944510423519683 
-0.023677955966583272, -0.039226665825109266 
-0.023654370530394205, -0.03894182147062432 
-0.023659396522994255, -0.038585497340114135 
-0.023530574743591652, -0.03824965016944971 
-0.023458106554059527, -0.03813889168342168 
-0.0234092473106278, -0.03822006910523073 
-0.023133237302493566, -0.03837102908447912 
-0.022850537983385738, -0.03859708195443485 
-0.0224538257943765, -0.038756252833917086 
-0.022297618954772603, -0.03880492002400326 
-0.022008661802845563, -0.0387939364551923 
-0.021380089116606483, -0.03884623836584018 
-0.020073543727635035, -0.038155982469379394 
-0.019129016249079225, -0.03718144709083895 
-0.018014958556264192, -0.036768452801067185 
-0.017182908435237502, -0.03558157390621855 
-0.016492252034047583, -0.034912093451196544 
-0.015248319366417306, -0.03464447136010561 
-0.013748802146053837, -0.03420865770010668 
-0.01259279899107738, -0.033544983701838144 
-0.011367800048553731, -0.03305631759258364 
-0.009889112206808864, -0.03276828595760464 
-0.008241871997404764, -0.03241785203900202 
-0.006577263119262029, -0.03246110162776979 
-0.004841448043964789, -0.031930087660372475 
-0.0034516774113411363, -0.031430497338566024 
-0.0017060303916854782, -0.03033266435587442 
4.42635843145717e-05, -0.02997432094428606 
0.0018048384177136655, -0.028498075176821062 
0.0034474913129098916, -0.02806405985580158 
0.005100000760283469, -0.02662407237250371 
0.006858606675850323, -0.025994056099901384 
0.008449789145334985, -0.02504413037349941 
0.010083210292283259, -0.023710065247432598 
0.011697732513235515, -0.023524198300627696 
0.013326284320871455, -0.022730400979142026 
0.015062230758819992, -0.022898904729662915 
0.0169044595915775, -0.021648585978989245 
0.018884586605057038, -0.020741050267065395 
0.021003334067217477, -0.02069911677105366 
0.022793889108543193, -0.020586976906693092 
0.024036554269858564, -0.019350778069718806 
0.025182572027987918, -0.018054657318219404 
0.026561300202199333, -0.017353960311980977 
0.027640249102968133, -0.0167340068479295 
0.029179712926147013, -0.015578903602878662 
0.03068767982952678, -0.014719429144681813 
0.031970732468400036, -0.013662539677940904 
0.03366209606209217, -0.013764416490675762 
0.03522257342493554, -0.013287436618488397 
0.036325727146991935, -0.01308354212290091 
0.037471581526270004, -0.013071071920448122 
0.038363988508110194, -0.012528037571694337 
0.039484774156959515, -0.012072787763649713 
0.040584891911710365, -0.012605403014163586 
0.04146667159867129, -0.011362419065625035 
0.042357628622142506, -0.011198775020143726 
0.04315307716971706, -0.010561292370264371 
0.043951618697125897, -0.010499120707683515 
0.04431507698690002, -0.010040217679625455 
0.04475597047129068, -0.00957311351459248 
0.045038051932772084, -0.008999382969042801 
0.045275310391775604, -0.008682244745876451 
0.04606088638240822, -0.0086399058935286 
0.046770252800032004, -0.008453895501258793 
0.04750210185822381, -0.008435895442275163 
0.047639634235967995, -0.008291853647230453 
0.047632301230756464, -0.008337706665580643 
0.04759593319244233, -0.008421133407871614 
0.047603816893478736, -0.008457968774335111 
0.04767665403824241, -0.008476950513523082 
0.04763082053635708, -0.008449835941562858 
0.04762998239592106, -0.008423221520033927 
0.04767264998436312, -0.00838991422691009 
0.04766273025417843, -0.008363487804711307 
0.047662969034906126, -0.00836042734482003 
0.04768179370894289, -0.008381545668487795 
0.047687710676248926, -0.008402396056383914 
0.04768693846678, -0.008424655605851242 
0.0476987599930771, -0.008446588826760778 
0.047701322516273265, -0.008419295860446662 
0.047695362386034085, -0.008392560220084729 
0.04769872854327324, -0.008365025519583503 
0.04770453802575542, -0.008356644942362565 
0.04770750906155539, -0.008378247830381009 
0.04771614257649497, -0.008399354098739252 
0.04772365727811305, -0.008420432557530182 
0.047727274698761535, -0.008416893198349982 
0.04773095103874649, -0.008414926865095212 
0.04773543564406055, -0.008387928185648437 
0.047735519921845354, -0.008361110716311055 
0.0477369237992375, -0.008356759186695433 
0.04774214549493062, -0.008353636126771924 
0.04776940340175277, -0.008375802060997658 
0.047754093686619654, -0.008396270566289972 
0.04776179681807226, -0.008392646776206701 
0.04776405006968444, -0.008391073601486327 
0.04776660579744722, -0.00836343389022524 
0.04776770466226, -0.008361175136096544 
0.0477949615094608, -0.00833467062563966 
0.04779810405906905, -0.008331977345898675 
0.04780318566299539, -0.008353390978986979 
0.0477855829878492, -0.00837402522117499 
0.04779012664699642, -0.008370673142999814 
0.04779526481688158, -0.008367708827542899 
0.04781989790738057, -0.008365704003922579 
0.04781920450201687, -0.008338791674021384 
0.04782475213003853, -0.008336019468119323 
0.047828373772755214, -0.00833091814477333 
0.047832089614199005, -0.008327476464527115 
0.047837655170601144, -0.008349000047295382 
0.04784426063958309, -0.008345555438824892 
0.0478462018338196, -0.00836749586614496 
0.04784862486417836, -0.008364473228325125 
0.04785458343982435, -0.008336684670706949 
0.04783379946781362, -0.008333228349526054 
0.047837194252862855, -0.008330102531238266 
0.047841992401715584, -0.008326933563338376 
0.0478478583503975, -0.008348872402150275 
0.047876244170600595, -0.00834602698068793 
0.04787849471763019, -0.008367883124815043 
0.045333066824730386, -0.005656472056633935 
0.04679689085735845, -0.005281879498401216 
0.04812762861035436, -0.005070318187084191 
0.049390418180745396, -0.005543760335353927 
0.04960874395485107, -0.006307840841884632 
0.0490817100715064, -0.006410921449409391 
0.04852369195397399, -0.006417385068045326 
0.048376282957159435, -0.006472141210217134 
0.04859585672595393, -0.006228479209301543 
0.048817260119818004, -0.006262819406329797 
0.04884128626149447, -0.005679986536465453 
0.04877476547567931, -0.005524811175264774 
0.048599918509670416, -0.005423490448107389 
0.04864146097541213, -0.0052704132004736766 
0.04860724708973917, -0.005133753775168549 
0.04863246844738587, -0.005076833965887406 
0.0485478796139596, -0.0049885837985951175 
0.048345358742965826, -0.005283394959914931 
0.048184586108052735, -0.005494903734998179 
0.04822210837317901, -0.005558490740856731 
0.04818592502135, -0.005865234237558028 
0.047934813700776596, -0.006193877628540224 
0.04770974225313801, -0.006360131025207506 
0.047421047777840696, -0.0066342727854002085 
0.04733209986056095, -0.0067668510865319985 
0.04754053258670286, -0.007012736291664317 
0.047843736712803536, -0.00717454882990032 
0.04801966308885513, -0.0070181602345829285 
0.048316323785881306, -0.0073555164312820295 
0.048546252899749495, -0.007102261868987615 
0.04834198040363698, -0.007034780782070956 
0.04832860847055393, -0.006669314604250694 
0.048026608288407595, -0.006996683887313144 
0.04744744259351887, -0.007248754012198397 
0.047706511675893175, -0.005938620727088335 
0.04737351730090842, -0.007488128523548181 
0.04756696664676268, -0.006214909560220883 
0.04740501936924698, -0.007682125412895994 
0.047306031858111275, -0.00795654694807759 
0.047918863853598226, -0.00784741743699469 
0.04853490523211636, -0.0066936107420796165 
0.04861740356186035, -0.006621116770772249 
0.04878859669748459, -0.0064390576206385264 
0.048740732874423966, -0.006209802099896261 
0.048801250576961955, -0.006048559540231286 
0.04880329546301405, -0.005714059427510406 
0.048724633755453335, -0.0057951194916007 
0.04875938448615298, -0.0058513069877377715 
0.048739181517594016, -0.005826406596308578 
0.048749793841622535, -0.005861230146081356 
0.048753261092251206, -0.00582354103366579 
0.04876411477615625, -0.00579462749318124 
0.04877118896507691, -0.005744083298942594 
0.04878381285522646, -0.00572935383016943 
0.048795455646930046, -0.005732914482978791 
0.04881221491415869, -0.0057786196699179775 
0.048793695054241006, -0.005821672031419515 
0.04882914347092355, -0.0059587723954354155 
0.04897524078886708, -0.006113598663275217 
0.049035222556861324, -0.005878865306983036 
0.049351707353572395, -0.006257983883920454 
0.04964193329677753, -0.006342933458856248 
0.049495697577414025, -0.006338614191003845 
0.04957727007567975, -0.006338465013682196 
0.04951940696804972, -0.0062974380109501035 
0.04957507826146918, -0.006299016310089242 
0.04955920820672025, -0.006282769342902631 
0.049607489514452596, -0.006278793043620561 
0.04959451386481084, -0.006287158241875214 
0.04960096273341288, -0.006299961933230196 
0.04959073899855464, -0.0062871184607097 
0.049618033053818796, -0.006279544363991578 
0.049606107194474766, -0.006266335605814877 
0.04963190375939097, -0.006259358020961736 
0.04961998042535473, -0.006228931776527224 
0.04962459809077141, -0.006220842789731579 
0.04963209279286538, -0.006234598134194773 
0.04963775236110963, -0.006224909697793075 
0.04964266666282709, -0.006236794571841875 
0.04964770055331575, -0.006227016984780796 
0.04965119901191277, -0.006197407929614184 
0.04965587190825655, -0.006187911644042794 
0.04966331158368153, -0.006180289923648926 
0.049667774926479585, -0.006171822320278655 
0.049672185668314904, -0.00618344789666316 
0.04967552184794328, -0.006175313218230213 
0.04900281601308131, -0.008094525229455701 
0.04812803527999468, -0.008587110710486444 
0.047816316465793096, -0.009795104333218068 
0.04740824993105508, -0.010066917335025802 
0.04734681886436929, -0.010531461234792726 
0.047158757872834856, -0.011001059464552475 
0.04702191892061594, -0.011049685733478634 
0.047139754204519796, -0.01083517206254378 
0.047093118922887506, -0.010413731835889076 
0.04714114956791888, -0.009938681451348727 
0.04708296643213921, -0.009521146835368921 
0.047068164328005514, -0.009460778074967402 
0.047068224148741324, -0.009487834357286899 
0.04688180316175799, -0.009678381558755573 
0.04657562962372691, -0.009774182922996944 
0.04642475807484601, -0.00990065634461306 
0.04639405168197525, -0.009792459033347637 
0.04595171349790833, -0.009441677746010966 
0.045131805319799385, -0.008570445400010184 
0.04451641318313697, -0.007824756051299411 
0.04410437067873818, -0.007011287106833939 
0.04409224622663356, -0.0066733920609721095 
0.044038805360872964, -0.005933656252464552 
0.0434445109149592, -0.005235475683579221 
0.04232612078214338, -0.004613156702078608 
0.041446589452200706, -0.0036347438796903472 
0.040564808365398185, -0.00295310346669789 
0.040124147018587714, -0.0019453565585249553 
0.03971495015856319, -0.0010535871879385008 
0.0387353875334843, 0.00044175579175217863 
0.03768173456404735, 0.0017064355279265333 
0.03656535727526759, 0.0026244591507073325 
0.03552505840910746, 0.0038541617692934137 
0.03492495662652838, 0.004838771317963997 
0.03447832463940091, 0.005892251584464638 
0.0338219349733994, 0.006652318277986129 
0.03266977341161757, 0.007480405298586122 
0.031117057431696685, 0.00905126988239624 
0.02906130995479564, 0.010095469506558258 
0.027611103907569885, 0.011343926715684082 
0.027186891137531782, 0.012437688942766452 
0.02686172260393313, 0.013310473541060713 
0.02563721433225722, 0.014560051273048193 
0.024429349848219314, 0.01601693727358039 
0.023055479520620554, 0.01672190782036565 
0.021963118450347707, 0.017414832419136033 
0.021357043229038926, 0.017695949713367354 
0.019987429245361888, 0.01937363025337968 
0.01855701452583999, 0.02031744384110985 
0.017440516545236647, 0.02201942512118477 
0.016364183573643193, 0.02291042561223043 
0.015596584047237908, 0.02440081556797416 
0.01491631924114795, 0.025976539111253322 
0.014444287548255032, 0.026391831441809822 
0.01390447129164903, 0.02728652873647279 
0.01305692195664813, 0.028505041489810402 
0.012102467979802417, 0.02862903388623292 
0.01098403026463917, 0.02912863089060375 
0.009959615409547222, 0.02978412669547731 
0.008765069063493789, 0.03011786462817915 
0.008703606967129893, 0.03092428395176353 
0.008661761497411201, 0.03098080950036022 
0.008585564294267002, 0.0314039482640883 
0.007749708643709952, 0.03169613376820432 
0.007433518053011419, 0.032579473191247224 
0.006972617611072559, 0.0321268352796649 
0.006975885034621381, 0.03326546806526289 
0.00754582182322789, 0.03398328945890002 
0.007708572664061446, 0.034432984927014215 
0.007349289579547603, 0.03476119314627391 
0.007392771889110614, 0.03504701494629104 
0.007310220574682126, 0.035463536271364435 
0.007203544389367356, 0.035310376245085096 
0.007124079528061347, 0.03529522217440406 
0.0069244939600349486, 0.03539905505810103 
0.0067584796980652475, 0.035491714333752596 
0.006730122428130128, 0.03557633138774714 
0.006830636693657168, 0.035797428329360184 
0.006705151381948947, 0.03596850624159589 
0.006662966183985371, 0.03615698872663288 
0.0066846629983646, 0.03623463579217205 
0.006701296393321371, 0.036263891307556244 
0.006680352348912475, 0.03621925870490076 
0.006671284923338454, 0.03615720701705865 
0.006664869897532594, 0.03608177366546696 
0.00668034927229364, 0.036059921911856765 
0.006680312931375996, 0.03608195333139304 
0.0066793390272164134, 0.03615627566733629 
0.006677560688578708, 0.036211570052156784 
0.006671579927995371, 0.036264136338770646 
0.006671150073679681, 0.03626810201273353 
0.006670970467132881, 0.03625256093257526 
0.0066648188699378295, 0.036209881784189143 
0.006666421235320642, 0.03616916498062826 
0.0066446170978410836, 0.03614746752570684 
0.006668204252591998, 0.03617436911628193 
0.0066677170831727405, 0.03622503543204749 
0.006665121355921253, 0.03627705000310506 
0.006666053801611106, 0.03630296014447601 
0.006663789693735445, 0.03631095880372134 
0.006663111090837916, 0.03629543516424505 
0.006662462975470558, 0.03624997883297374 
0.006661197882712563, 0.036203821903031605 
0.006683042877546157, 0.036207790102948806 
0.006683955298342003, 0.03623624026955711 
0.006686993400704692, 0.03628650655222098 
0.006686282932860005, 0.03631427460983238 
0.006687568799814778, 0.036343554939394715 
0.006686216213656176, 0.03632613126166419 
0.006682851806031206, 0.03630845485766976 
0.006679270063497135, 0.03628762053718513 
0.006677484642820011, 0.036270700344663696 
0.006679403914399177, 0.036296717629363984 
0.0066801628506021156, 0.03632538401207515 
0.006681708522782662, 0.03635245513024436 
0.006703822254735952, 0.03635628360372595 
0.006702210836398503, 0.036360969290524604 
0.006701277644748601, 0.03636835954610656 
0.006700532357522508, 0.03634916699631601 
0.0066998187779240765, 0.036303199077161084 
0.006698159835040305, 0.036304881931629486 
0.006699013648741987, 0.03631033373639252 
0.00669862154055656, 0.03633761251060055 
0.006699544479476029, 0.03636620121453528 
0.00669918424480282, 0.03637204761884591 
0.002487530714020123, 0.04064415141795898 
0.0026717555282513585, 0.0466578317964836 
0.002520916119597057, 0.044136078921223745 
0.002884217391384728, 0.04537026540409457 
0.002699827991886995, 0.047035345715517395 
0.0025124440324949923, 0.04818811485367182 
0.002301316247799761, 0.04940819764668493 
0.0015212609502686801, 0.05041156336572663 
0.0011875545907529073, 0.05131835857468883 
0.001202937863946221, 0.05143252370923592 
0.0012476126079496617, 0.05107214725700676 
0.0013862966841832957, 0.05048446312344472 
0.0012622395451593396, 0.04987791643887874 
0.0012387332449633217, 0.04960029067725399 
0.0012348370339768373, 0.04896575048992339 
0.001645410009661626, 0.04832552882208309 
0.001985010608941182, 0.047857554160328546 
0.0021468291104687755, 0.04783919861698534 
0.00207375684376625, 0.04843297479288914 
0.002060396998862067, 0.04886955346984797 
0.0020598159375842706, 0.04885615019490057 
0.002120203417067869, 0.04912367896044486 
0.0021433502704666586, 0.04894388551702436 
0.0024011780062628586, 0.04867024106637354 
0.002625004571720579, 0.04836318898691108 
0.002760299772606865, 0.04795918459292886 
0.002998846428110351, 0.04714302741948733 
0.0032851753615648375, 0.04673626264233128 
0.003381246781606745, 0.045710686346319876 
0.0037284952808173256, 0.04528491156500714 
0.00396301022856916, 0.04501340391248152 
0.004134781465595557, 0.04509470231219029 
0.004251420149440731, 0.045015567367265426 
0.00435017331634193, 0.04488940947379828 
0.0045736198828301875, 0.04465885886629999 
0.0048604963425133195, 0.04464617362896415 
0.005153036730726042, 0.04451248414604946 
0.005410411671742779, 0.043896009572178186 
0.005506336285296711, 0.04377048527319 
0.004914619600015298, 0.04376731956923348 
0.003713465280058754, 0.04097626585719498 
0.002788595770109925, 0.042017485498191814 
0.002217567669859819, 0.044831258430353994 
0.002163113479510402, 0.04622302324801823 
0.0026893363090134607, 0.047435086476321386 
0.0023553368934230556, 0.047951138348041364 
0.002287946364224716, 0.04816337059208519 
0.0022796666978202097, 0.0475981116952241 
0.0021996433192130486, 0.04657588968643264 
0.002114465059284657, 0.04545692383018213 
0.002349318152694374, 0.04443588227608194 
0.0022050154550920216, 0.04442437219848906 
0.002278160060428425, 0.04475286188135362 
0.0022997586503958386, 0.04490898393425101 
0.002359103186880117, 0.04517498221847168 
0.002378562275600068, 0.045243394711208376 
0.0023685331951468786, 0.045193273771097234 
0.002317203174006456, 0.04494721228164283 
0.002288051712973407, 0.044694543295262186 
0.0022593468936614363, 0.04452189485024742 
0.0022620816354200638, 0.044539097391141 
0.002293195531162419, 0.04467523134135079 
0.0023285330217524968, 0.04485493471524191 
0.002335979854934932, 0.04494711480943687 
0.002330816439477202, 0.044902984052544025 
0.0023146698972095706, 0.04475615840543628 
0.002279499947926355, 0.04458438958362077 
0.0022470936740188944, 0.04445894486868617 
0.0022681823077675156, 0.044453932771733144 
0.002278829245081239, 0.044544314772048774 
0.002284860573284308, 0.04465692182357423 
0.0023087526499012308, 0.04472586007718602 
0.0023000441986546923, 0.0447004420890438 
0.0022638818430965315, 0.04460342783993588 
0.0022535030729255775, 0.04448596984906015 
0.0022469801353261084, 0.04440964235804051 
0.0022481102456348113, 0.04443029784038724 
0.0022527540868582485, 0.0445226013254228 
0.0022748545116613697, 0.04456731946185192 
0.002275112118806428, 0.04460985242985676 
0.0022681048314305073, 0.04458549962052911 
0.002237143926567068, 0.04449449373759825 
0.00222435957875759, 0.04442216251303749 
0.002218695023890465, 0.0443975457607799 
0.0022200900431561523, 0.04441854872615833 
0.002222717854335104, 0.044484194684854435 
0.0022283911538140346, 0.04455195980341396 
0.0022014889727656473, 0.04454990026727284 
0.002217983576644485, 0.04452567977795644 
0.00220851364569234, 0.044453654936012714 
0.002200311407497381, 0.044407208111826406 
0.0021965087140510433, 0.04440434235376504 
0.0021997429681173794, 0.04442534727907284 
0.0033796894874606764, 0.044265743425500007 
0.004399135331349986, 0.046375927967969056 
0.004452117850016003, 0.045182687882094674 
0.004719030218233275, 0.04491255182536865 
0.004687713987981393, 0.04500470961988749 
0.004794878742693925, 0.04466760864107573 
0.004771657945510774, 0.04464310051195959 
0.004800134984736139, 0.044587656232816075 
0.0047977989851095484, 0.044695308990217744 
0.004839162796134937, 0.044757150680971296 
0.004858305496852735, 0.044791476507406246 
0.00492731786690739, 0.04474570005782332 
0.005080167620849373, 0.04438432082867114 
0.005284855000938033, 0.044294194403226975 
0.005591324777762556, 0.04394084468078945 
0.005703492581249353, 0.0436824779465759 
0.005769990236990761, 0.04299681861870648 
0.006220181794859169, 0.043255211155590216 
0.006429492081516086, 0.042777018147572066 
0.006358440237733665, 0.04306854267862103 
0.0064507452486056655, 0.04281554172514582 
0.0066703404458247845, 0.04224410751103287 
0.007010493158321385, 0.04192300945650928 
0.00735267031794292, 0.041434768252385276 
0.00794547756089493, 0.040787076915211704 
0.00845259160446173, 0.0396884473766985 
0.008592150201667976, 0.03894358908562794 
0.00868125629263577, 0.03824101159998861 
0.009034028917771586, 0.03724094235480775 
0.00971653464037777, 0.03633679835939665 
0.010699936737318554, 0.03487626533740549 
0.01178630604991665, 0.033573744570891274 
0.013506258531545991, 0.033134412528244006 
0.015106175201221041, 0.03260134132218377 
0.016278684657983777, 0.031747956749696854 
0.01685265954665517, 0.030370771519971237 
0.01717150300868044, 0.029814388574195393 
0.017799459561444908, 0.02949619485450526 
0.018666105874783828, 0.028633757643815386 
0.019558531198659045, 0.027792646472214702 
0.020556264949105514, 0.02700316251185742 
0.02177487896872316, 0.025655347172836893 
0.023452718389030448, 0.023691971575662375 
0.025062064380486453, 0.022207290584245976 
0.026274395368589564, 0.022045306193860862 
0.027206977968865762, 0.020134415835948057 
0.02825062520057754, 0.01898799352182347 
0.028884120598905064, 0.017959193892227984 
0.029226347799201025, 0.017217752113965503 
0.02919659757657885, 0.016361623369071255 
0.029601133092004295, 0.015306657164114935 
0.030296739143849498, 0.015194610034937016 
0.03192791764172653, 0.01489945902185504 
0.0338439621121767, 0.014377977269666865 
0.03511686199277795, 0.012685047451860986 
0.03576406113630458, 0.011684473809812416 
0.03648878061251012, 0.011859290294917661 
0.03750913762490525, 0.011428814490616678 
0.03779318868158689, 0.009813054055445107 
0.0381553195215667, 0.009383099012101622 
0.03825334123492011, 0.008494660566141999 
0.0385484739406826, 0.008349067827610399 
0.03874820267834168, 0.0079855178448509 
0.03875046244737245, 0.007469976520683505 
0.038703655055783305, 0.007225246813450049 
0.039163627584684564, 0.006450377803112753 
0.04018330135371847, 0.006448081562024232 
0.041456593513010544, 0.007421309750879046 
0.0418391180781395, 0.0069959443792828 
0.0418758942627869, 0.006777573328750416 
0.04174309364641813, 0.006648409524316534 
0.04179395139437997, 0.006459816353222716 
0.04176007210465187, 0.006275221291039993 
0.04177297976272807, 0.006218599587962703 
0.04175024796714492, 0.006203860899080642 
0.041785529528987675, 0.006225063157164293 
0.04177266083013984, 0.006248604013601134 
0.041772517499202376, 0.006246111779358551 
0.0417699214969673, 0.006218348542332993 
0.041741363105523094, 0.006191775484399469 
0.041734273399601673, 0.00618571940292174 
0.041732956259325736, 0.006157043667677483 
0.04173143245403093, 0.006150551139785524 
0.04173059867235084, 0.00617454028681314 
0.04172900664512541, 0.006197430354638639 
0.041726631667259394, 0.006199371042284213 
0.041724346993938816, 0.006200736056632761 
0.04171872674537561, 0.006203824812235011 
0.04171143999504053, 0.0061780420012910705 
0.041711923375046145, 0.0061734078380225295 
0.04170822578906564, 0.006145208143677995 
0.04170785561334256, 0.006145407269887885 
0.04170740785568116, 0.0061474322320175185 
0.04170595457866036, 0.006170892808445211 
0.04170365096176283, 0.006173145127812815 
0.041700980073371655, 0.006173445041668243 
0.04169768196699016, 0.00617493463230304 
0.041696964403538296, 0.006172353727296007 
0.04169387523813511, 0.006170195152406617 
0.041691968564563676, 0.0061670414131751545 
0.041692751401878156, 0.006161742504660985 
0.041691690066321875, 0.00616851555318385 
0.041729304348760404, 0.006034084527734165 
0.041752103897619325, 0.0059721855462604775 
0.041713475677252615, 0.0059682906653714144 
0.041716384649135574, 0.005915849401240416 
0.04170594421172743, 0.005916533484724027 
0.04170730484039472, 0.005913273960324499 
0.04170488092175174, 0.005938447511783074 
0.041703414089117576, 0.005963675125922113 
0.04172245578125353, 0.005988764704272089 
0.041721156880552134, 0.005989846770423261 
0.041691966465966915, 0.0059694110402986 
0.04169104642452633, 0.005948591609290278 
0.041662296425072305, 0.0059023087373158015 
0.04166014872753204, 0.005902649714141081 
0.041682578057636456, 0.005926859142300519 
0.04168274113439983, 0.005952226811355667 
0.0416833105490572, 0.005977897357705985 
0.04167582936024555, 0.005979444823267146 
0.04167231910613251, 0.005982103223744663 
0.0416673585240271, 0.00596117392672326 
0.04166408553619364, 0.005938719827517979 
0.04163828383271408, 0.005938553451893291 
0.04163574792479132, 0.005916306946693352 
0.04165875804764799, 0.005941773775912514 
0.041658829230282295, 0.005967556312310307 
0.04165774775226188, 0.005969292505411545 
0.041629554320896246, 0.00597255102521558 
0.041624937556747676, 0.005949820733364735 
0.04162291543029352, 0.005928359843182343 
0.04164542554563014, 0.0059306566068434855 
0.04161956363673059, 0.005933766584941014 
0.04161783277707592, 0.005935938325371097 
0.0416174620798756, 0.005937273400500963 
0.043522360864970654, 0.006107558836990512 
0.04524805843033813, 0.012825582276336638 
0.0463217370190509, 0.015333885258163694 
0.04391371153871887, 0.015342102346627423 
0.04395296627236227, 0.01508897907531627 
0.043631317473339114, 0.013582174891789223 
0.044271701515397804, 0.01165396273132807 
0.04468787220978319, 0.010553310645676347 
0.045243110895203706, 0.009698597411985992 
0.04518473994096138, 0.008368351926319214 
0.0450195325229173, 0.008227906166464736 
0.04501110565111315, 0.008084470023307963 
0.04550536135388837, 0.006493434146186027 
0.0454096535176055, 0.005801454884758312 
0.0453523858709999, 0.005746752261651715 
0.045223576481804854, 0.005702437477640065 
0.04507715771525994, 0.005532971418101186 
0.04486088461502265, 0.005342982993542976 
0.044764553667157904, 0.005347822395812832 
0.044672006211185764, 0.004887126064299887 
0.04427083729910231, 0.005070964751438037 
0.04424853041549288, 0.005213316516015412 
0.04401075258229831, 0.005284523566247712 
0.043741147985148984, 0.0052189449974477725 
0.0436444119328684, 0.005410192045089212 
0.043596483648832306, 0.0053466994736779995 
0.043593067111183874, 0.0049580231335758845 
0.043453441024975, 0.004561663162971678 
0.04291619221277595, 0.004072509919966818 
0.0425793805043411, 0.004310674054082446 
0.04231626693429813, 0.004721193211781994 
0.04219789284379391, 0.00423654703041898 
0.04224242217518826, 0.0040899123095296174 
0.04205116679645907, 0.003449450693188308 
0.04177353366791459, 0.0037996421170812793 
0.041629561462587214, 0.004339132397646045 
0.04133196503118426, 0.0041553143331483034 
0.04153066140930722, 0.0035636086479249878 
0.04229540669740603, 0.0029955566110797397 
0.046212953792282435, -0.0013637597603506327 
0.0478024953534283, 0.0019855727275226486 
0.048371918595823175, 0.0008265983023753351 
0.048111959788059294, -0.0008854197845533851 
0.0481233933919353, -0.0013827323327724268 
0.04807292020202886, -0.0019416308580963557 
0.048078262531450235, -0.0022351233374546466 
0.048068420022798354, -0.0020584329003033677 
0.04811177976647833, -0.001677352452357374 
0.04816331119612507, -0.0011650716948860866 
0.04821127632204833, -0.0006671334648268976 
0.04829727182287593, -8.312890409657459e-05 
0.04830610239575761, 0.00012472463212071164 
0.048349864387595164, 0.00016731012861198865 
0.04830597337197253, 3.9840614228879034e-05 
0.04826812519070455, -0.00018808139407733719 
0.048244850354517636, -0.0003737456300209763 
0.04823312735928226, -0.0004935273008712344 
0.04810280777222521, -0.00024607558650435637 
0.04808969770489079, -0.00019780896093795928 
0.048255305180977835, 0.0002893705852396399 
0.04822765879771237, 0.0005515857126562887 
0.04827038382504779, 0.0007438206903742308 
0.04830005948561434, 0.0009331678342460267 
0.048311243493422196, 0.0009652179738162071 
0.04831458085381095, 0.0008685144956181438 
0.048296366563409195, 0.0007448799156717077 
0.0482943359599805, 0.0005796393451306415 
0.048279452295993334, 0.000495015160222088 
0.04826341659181946, 0.0005019912867615095 
0.04827593121042986, 0.0005925928620679657 
0.048298917788211, 0.0007280451505068753 
0.04832927372469666, 0.0008652959049110245 
0.04835035371693196, 0.0009563185772394578 
0.04833782965279584, 0.0010004063859090897 
0.04834129946741207, 0.0009678066684903347 
0.04834187506706128, 0.0008858383097174649 
0.048341497102316416, 0.0008016036361373441 
0.04831975955404665, 0.0007408842834025938 
0.04832282708092045, 0.0007456388188373436 
0.0483269350509912, 0.000784182275969646 
0.048353661917691, 0.0008528432657409795 
0.04833669414817284, 0.0009199814069314051 
0.048362558558771765, 0.0009701618196817519 
0.04836611543043743, 0.000979481452344078 
0.048364537888259035, 0.0009413065268362715 
0.04836290950133081, 0.0008843704963318243 
0.04836077284964007, 0.0008428033500947612 
0.04833802097387641, 0.0007987502062285975 
0.04833838529588836, 0.0008193611073716205 
0.04836461554417862, 0.0008638868241184348 
0.048365161732262005, 0.0009073245663134334 
0.048368622131350375, 0.000951237130189488 
0.04836887831007713, 0.0009583082884943645 
0.0483689523332912, 0.0009634320502692324 
0.04836639676789477, 0.000925076004327822 
0.04836681023284085, 0.000881191141232048 
0.04836520386144679, 0.0008586897587058852 
0.04836537457187501, 0.0008646467312651825 
0.04836613547862976, 0.0008889979726981211 
0.04836760418344699, 0.0009105176192846101 
0.04836949136847228, 0.0009584457116424585 
0.04837140105269079, 0.000984131871887568 
0.048370989002849814, 0.0009652825745928015 
0.04837145066203525, 0.0009465071877984401 
0.04836924074678079, 0.000910486596666911 
0.0483676489791256, 0.0008943010035848567 
0.048367773449970994, 0.0008971421765846745 
0.04836961551338981, 0.0009177930495013409 
0.048371536363942695, 0.0009442086206355775 
0.04837150769782749, 0.0009669057240988492 
0.04837197909388827, 0.000986779437789283 
0.048373321895676454, 0.0009902426947420555 
0.048370960936001045, 0.0009695427641088339 
0.048347677112763755, 0.0009531747186659331 
0.04837093275761594, 0.0009333921110217788 
0.048369382493321754, 0.0009176129786387169 
0.04837023630232882, 0.0009378719572357424 
0.048370142865090414, 0.0009366508965338461 
0.048370646337959795, 0.000960297110544394 
0.04837212218251985, 0.0009860481372195463 
0.048373335563291854, 0.0009932188152879987 
0.0483716548704661, 0.0009980980898583113 
0.04837396887487866, 0.0009800221053746184 
0.04837185385910414, 0.0009810688475929156 
0.048371632061020686, 0.0009638873195961499 
0.04837120139097417, 0.0009662065372078517 
0.048373082032432145, 0.000990464250380095 
0.04837185192664896, 0.0009912565484709662 
0.048372992494017567, 0.0010104881843921727 
0.04837408582446052, 0.001014346566339901 
0.048374477034570505, 0.0010142013988140874 
0.04837267388031408, 0.0010188292234328356 
0.04837232547921768, 0.001002314037092682 
0.04837478516857087, 0.0009822484533802726 
0.04837166266624822, 0.0009822402551854079 
0.048396208865215194, 0.0010054480989634081 
0.04839660045979965, 0.001007879116802981 
0.04839808227395843, 0.0010331865922915777 
0.04839789895969313, 0.0010335244450770142 
0.04839880827249662, 0.001038623039255241 
0.0483983451764572, 0.0010156089493816441 
0.04839831350786842, 0.001020283891333502 
0.048396511945426636, 0.0010030059587855388 
0.04839885092033231, 0.0010066803348399718 
0.0483989670539936, 0.0010096444049662561 
0.04839980334428247, 0.0010324659977548234 
0.048422166318295046, 0.0010316722388335117 
0.04842245800606748, 0.0010320745878723292 
0.04842091461039938, 0.001036543410628199 
0.04839944088913556, 0.0010409962042728753 
0.04839892915571912, 0.0010367981625292561 
0.048421637559417634, 0.00101694010901164 
0.04842136712609983, 0.0010184379785627073 
0.04842271650073374, 0.0010239267879449793 
0.04842281874027121, 0.0010265909095727728 
0.048398952379041765, 0.0010277699411126034 
0.048423184137914486, 0.0010254984756749705 
0.04840068967032835, 0.0010242300522198154 
0.04842291337969858, 0.0010240794263036397 
0.048401780880878896, 0.0010247930087262911 
0.04840259405582893, 0.001029585339707933 
0.04842267190940659, 0.0010100503506162853 
0.048424490884476326, 0.001032839009928604 
0.04842458434075568, 0.001030127228858433 
0.04842711456656244, 0.0010424312513468855 
0.04842769141162985, 0.0010680514285163793 
0.04842496110744126, 0.0010477127403479207 
0.04842827026024841, 0.0010513345960266524 
0.04842922489870379, 0.0010784692995530842 
0.048428920864164525, 0.0010617399343779612 
0.04843068842643853, 0.0010641754604612957 
0.048429830250987786, 0.0010447448849650307 
0.048451911927070566, 0.0010682495294899036 
0.04845281459893522, 0.0010763268020259802 
0.048432920368527234, 0.0010902349616339487 
0.04845418544782189, 0.0010740730645501112 
0.04845454016949791, 0.0010585379170241663 
0.04845400450554701, 0.0010635844942069653 
0.04843243083454693, 0.001061532659314591 
0.04845574354096484, 0.0010623887247933077 
0.048455990681885205, 0.0010819547461969534 
0.04845416980304549, 0.00106589626999386 
0.04845579440754679, 0.0010703367441092034 
0.0484565445035651, 0.0010762798741809315 
0.048454214972349065, 0.0010802985092876849 
0.04845580121701771, 0.0010785160537182387 
0.048455726491979156, 0.0010865454081049567 
0.04845569130126444, 0.001088314019715332 
0.04845823514928279, 0.0010905654095591483 
0.04843395704331465, 0.0010948648054973768 
0.04845716638091495, 0.001094337466869588 
0.04845664574567765, 0.0010949736580601734 
0.04845758451797001, 0.0010980736939693503 
0.04845734273624591, 0.0010824901962643058 
0.048457169651603, 0.001082871892040741 
0.04848028130287259, 0.001080446341068336 
0.048479909174672646, 0.001107599603671968 
0.048482323827467144, 0.001110966613970854 
0.04845826939154309, 0.0011129417891776773 
0.048456351733509026, 0.0010965977387602844 
0.04847910221484439, 0.0010978518179362556 
0.04848043527720044, 0.0010986785433259399 
0.048456549386701075, 0.0011007648928938617 
0.04845591046348539, 0.0011022604439257235 
0.048478743525266044, 0.0011055882008503847 
0.048459452474023314, 0.0011258131549223018 
0.04845847042719202, 0.0011288639852990885 
0.04845947794043673, 0.0011302106917266373 
0.04845854559883965, 0.0011333909058694306 
0.04845809587848597, 0.0011367831222081706 
0.04848165733264931, 0.0011164828874516322 
0.048480843092853776, 0.0011425196113925612 
0.048479788548839275, 0.001148536136696298 
0.048480478884520666, 0.0011266706283031564 
0.04848221412096745, 0.0011496606323529051 
0.04848092495984386, 0.0011515873155271265 
0.048481865273997164, 0.001153363882138273 
0.048481947501373676, 0.0011502616474273423 
0.0484808108002352, 0.0011566483905511486 
0.04848076639410586, 0.001159234462450287 
0.04850456647708309, 0.0011588460440086405 
0.04850573690865826, 0.0011952284763700383 
0.0484941022899163, 0.0013487884962042425 
0.04837326035477104, 0.0017046011428777975 
0.04842727449347499, 0.0020139648066196027 
0.0484187648720794, 0.002093414358101737 
0.04842241797272928, 0.0019792520719759217 
0.048470266685878206, 0.0018028759754697362 
0.048472303939970214, 0.001801017507904589 
0.048547146767224755, 0.0017680126904237544 
0.04864872941497732, 0.001417372100635816 
0.04883165834911934, 0.0010290261575421151
