-0.0008853582638952267, -0.0002632796503488511
-0.0010359322023655575, -0.00029913757979248
-0.0010476080799474079, -0.00032451211253938363
-0.0010159844927842866, -0.0003660553734999259
-0.001011595324073814, -0.00037878598086079073
-0.0010813426924744895, -0.00038038805339458027
-0.0012486043708282387, -0.0004399067672378432
-0.0014465570968471616, -0.0005890507086819933
-0.0016847981227901176, -0.000854271714842762
-0.0019912924208759643, -0.0013015552023376705
-0.002300752914338979, -0.0018822836769993947
-0.0027016421874105153, -0.0025699678428762
-0.0033061211934303143, -0.003336220655205008
-0.0040688776717140145, -0.004175422228098507
-0.004901893707616202, -0.005083377992843848
-0.005699179608709826, -0.0060712992713206106
-0.006486800629225906, -0.007119705474251506
-0.007350223691225672, -0.008201712948019992
-0.008283202455247182, -0.009282675626150344
-0.009173258506828572, -0.010381548931292957
-0.010044512479283618, -0.011486075106945432
-0.010957297128811985, -0.012564015828837757
-0.01181736566615211, -0.013618966679550249
-0.012630661572599436, -0.014641640825260656
-0.013424074493379711, -0.015618127305732778
-0.014181319497711174, -0.016539358334967315
-0.014888041054254854, -0.017401451349288787
-0.015545753362362106, -0.01819823678065915
-0.016155867080179295, -0.018924676341175943
-0.01671555722385195, -0.019574604131856934
-0.017219989086952076, -0.02014396082826662
-0.01766388528968121, -0.020631082391198083
-0.018042948875021718, -0.021036257082522172
-0.018355028838526063, -0.021361840530159156
-0.018602529368477477, -0.021614272947830478
-0.018789252723309363, -0.021800736672437725
-0.018921141010075217, -0.02192816461113504
-0.01900681158357303, -0.022005472524913652
-0.01905816887992494, -0.02204802251676293
-0.019090085360880207, -0.022074013604605796
-0.019070897641039503, -0.022015218930701613
-0.01886682369198495, -0.0217417327060666
-0.01860034732894663, -0.02137326329976903
-0.01835947568227335, -0.02100483381979505
-0.01817579338993556, -0.02070214356553343
-0.018043307244903276, -0.02049812643153942
-0.017946778986417247, -0.02039525931418922
-0.017880184616975273, -0.02037430198116111
-0.017855497651237475, -0.02040865068216079
-0.01801898413561954, -0.020506005760461615
-0.01826897314764324, -0.02063051968528187
-0.01834752242673395, -0.020714175544491103
-0.018301464517928967, -0.02074091115830151
-0.018210706780242763, -0.020730482602075294
-0.018150792601333347, -0.020696526392098145
-0.018030621717283337, -0.020628335210352265
-0.01789323666498891, -0.02054567945269368
-0.017765271423927875, -0.020462999112133277
-0.01766313381662568, -0.020387882026033803
-0.017594386584816126, -0.020322729691653718
-0.017921291965053064, -0.020234227614936026
-0.01816881345195818, -0.020038638800049986
-0.018166098134172762, -0.019834995145093782
-0.018021226241417537, -0.01965524235756117
-0.017797867608119054, -0.019449180393338303
-0.01746544899558019, -0.019175167972749884
-0.01701540370954883, -0.018815200814447614
-0.01647284923263269, -0.018358347496392743
-0.015853440168255576, -0.017796777832173517
-0.01516322242095347, -0.017126112632008552
-0.01440219602144446, -0.016345114624672374
-0.013568038390136457, -0.015453961208264227
-0.012661259975372083, -0.014457472719763729
-0.011679298401307549, -0.013363290359279772
-0.010607384097659439, -0.012165826796012634
-0.009475636793489905, -0.010901456445381695
-0.008257693406998952, -0.00953101511793419
-0.0070585175487811215, -0.008065705517958738
-0.005882288513572377, -0.006553374773085964
-0.0047004756775392825, -0.005057968192493765
-0.003497075708812241, -0.0036652209147800827
-0.0022581627257655824, -0.002447150740176078
-0.0009667842600132629, -0.0013636831534502834
0.0003372892188567876, -0.0003116786487798898
0.0016167643524237078, 0.0007621049438601341
0.0028595315556335893, 0.0018944904994447715
0.003964832423502648, 0.003059678446167589
0.004920504685939034, 0.0041986130334051314
0.00573968299113032, 0.00528676920892491
0.006450499741273257, 0.00630645012679595
0.007069112269321611, 0.007239396048877812
0.0076028503669150855, 0.008069199591198076
0.008052230123425225, 0.008785054516067365
0.008417336755283956, 0.009381371734439925
0.008710436142977207, 0.009858392827242959
0.008973076066344366, 0.010269901876347982
0.009171146917430779, 0.01061736666098257
0.009296130845124023, 0.010863245089907783
0.009374280495163603, 0.011012723793981265
0.009428812908293503, 0.01109352571581544
0.009179973191274091, 0.011280706999116388
0.00931929316401147, 0.0110153487174377
0.009482149849585569, 0.01056323460005217
0.009626887180746625, 0.010059449262495166
0.009738054347890428, 0.009602113576255369
0.009807525838953064, 0.009237391394358677
0.009840916725439365, 0.008977309796595485
0.009857036938360396, 0.008820445589132423
0.00986979787464208, 0.008744165368774842
0.009882429227859061, 0.008711072607360893
0.009900695140009342, 0.008704258671553704
0.009942764086021143, 0.00871314063738133
0.01001060238493386, 0.008729985029965803
0.010094093561839317, 0.008749885272120358
0.010177146029503646, 0.008768751664115611
0.01026613600717836, 0.008781870682911239
0.010358854525190643, 0.00878857890127285
0.01044121589701861, 0.008786425681720271
0.010503274591280672, 0.008774220554453
0.010542113105223547, 0.008747001235499895
0.010524868049805186, 0.008773869021482635
0.010181340560872157, 0.00865419985204328
0.009919014869375395, 0.008423846271408067
0.009806252661983397, 0.008153966133521401
0.00987219361420985, 0.007856941177432472
0.01009628632271215, 0.007501857066712282
0.01051472029421128, 0.007056136535953081
0.011149484411453367, 0.006493900310659121
0.012004157217918568, 0.0057982956218337114
0.013070062047173104, 0.004961079885482563
0.014333844262009248, 0.003980997416890582
0.01579208986432075, 0.0029000779172751773
0.017437411764561005, 0.0017294589920076855
0.019224854466286335, 0.00046242968112166145
0.021154572800667227, -0.0009121980303122948
0.023214482646465345, -0.002360886648863262
0.025359001576633317, -0.0038061254435262605
0.027501084412097903, -0.005256331554242916
0.02965019291163403, -0.006696023536848307
0.03181736088558771, -0.00815310038867944
0.03400212437353112, -0.009655963028161615
0.036219037463869966, -0.01121380263505371
0.03846943495324756, -0.012815155552269565
0.04072827278440284, -0.014434215174788375
0.04295113705630076, -0.016035675733231662
0.045097017491458946, -0.017588981414845196
0.04713159160045395, -0.019071337684000128
0.04902791310258364, -0.020463018790570508
0.050781198258908415, -0.021741296943605024
0.05230943179514613, -0.022883776079710608
0.05358051116446352, -0.02387595948522191
0.05464382140048985, -0.024727260866376822
0.05553467401962403, -0.0254333802077729
0.05627656256132288, -0.02600918273931474
0.0568794806182161, -0.02646570421088259
0.057351041774805295, -0.026816518635009393
0.05770073622202757, -0.027077763461907874
0.05794211885824195, -0.02726883644418027
0.05809274882000475, -0.027402652657302896
0.05818042644392899, -0.027500119928070877
0.05695337258042706, -0.027812660385614654
0.056932777544326144, -0.02781757085534566
0.05681367120621838, -0.02775706683311471
0.05669518089892017, -0.0276619163603311
0.05660901688428583, -0.027562395550408507
0.056558713526642136, -0.02748284677144076
0.05655088208511192, -0.027437047672913058
0.05658995654613863, -0.027418353411572224
0.05666276129339288, -0.027419812781895144
0.05674474643690625, -0.027441122361677884
0.05681827595740857, -0.027476202294842506
0.05687569524634816, -0.027517369942399714
0.056915721071271484, -0.027558545723609038
0.05694201210546667, -0.02759215414892791
0.056952667447189326, -0.027610768384270852
0.05693462786588444, -0.02762524861255422
0.05687644627562749, -0.027645531737349984
0.05679417082211747, -0.027672647086348503
0.05670987104935489, -0.027701879444174928
0.05663723680828489, -0.0277309279834191
0.056691660113992196, -0.027468223907325
0.05646169946368684, -0.027565813864930965
0.05612434584896035, -0.02750210367252907
0.05584221041533688, -0.027266466549642997
0.055710057559412676, -0.026870634975670087
0.05577344288346103, -0.026310202462740056
0.05604772017209625, -0.02556923082371108
0.05653737029565123, -0.024625071111311233
0.05723958596177877, -0.02346402372765238
0.058147059126773704, -0.022079666989825157
0.05924445764327341, -0.02047205001715845
0.06051308847491369, -0.01864690251753726
0.06193410897951039, -0.016615099574544066
0.06349088658327925, -0.014391673619023687
0.06517001347814626, -0.011991361770812356
0.06695825569455302, -0.009431123223716526
0.06884057620994904, -0.006733269013025995
0.0707991819962753, -0.003926202961377313
0.07281910037787108, -0.0010974530162066144
0.07487402303732185, 0.001704564430871515
0.07694525972058648, 0.0045007321864819535
0.0790056614123406, 0.007235922849041087
0.08103837371266515, 0.00989795582802978
0.08301871760342659, 0.012466628626724267
0.08492212151205497, 0.01496547495316504
0.08673274147692948, 0.01739728756231531
0.08843643952712574, 0.01974518466631998
0.09001994678583311, 0.021981613048412115
0.09147622083062408, 0.024077373949501372
0.09276194593628345, 0.025985622794207085
0.09387605999632134, 0.02768913043222615
0.09478955339758598, 0.029185758970949015
0.09550428285138578, 0.030421582771236966
0.09608005041085663, 0.03140930300760224
0.0965446142647004, 0.03217704020940528
0.09691095807734063, 0.03275103636552864
0.09718599614351642, 0.033155402577590594
0.09737742043891635, 0.033416023536056445
0.09749807603803767, 0.033569754551470606
0.0975739177045391, 0.03366002688385291
0.0989432808097646, 0.03438215934037538
0.09840020568506566, 0.034412263505288344
0.09738823525011202, 0.03435604601302358
0.09630440400274362, 0.034216572021589176
0.0955186183493391, 0.03404910999031974
0.09495473342751727, 0.03391853145450493
0.094599092834613, 0.03377308489718884
0.09448664279928258, 0.03369201012800638
0.0945282823202581, 0.0336712694101458
0.09465405595338747, 0.03370518936124287
0.09482650703056739, 0.03377360465900775
0.09499206756253156, 0.03385759434400369
0.09511957819885711, 0.033942630382512995
0.09519215371615664, 0.03402485695897091
0.09520298562594243, 0.03409438697991616
0.0951547819871379, 0.034142120893866784
0.0950670819751023, 0.034170930287997364
0.09495222792963252, 0.0341855716745083
0.09487333782827867, 0.03419433835958529
0.09488100731788036, 0.03417675500004788
0.09492254966485454, 0.03443993675959258
0.09469182575529911, 0.034310128956077025
0.09432838029897904, 0.03405347807229254
0.09394466846665543, 0.033664005282080474
0.09360155792547291, 0.03313854965097187
0.09331294144191526, 0.03247403598836938
0.09306665197035058, 0.031666474014786394
0.0928335776896436, 0.03071256823954958
0.09256851910076422, 0.029602915472893083
0.0922131663534563, 0.028371231477609508
0.09182302586716896, 0.026968470090496775
0.09137284923795261, 0.025360092639034493
0.09085476651148937, 0.023539012786021864
0.09027325502725486, 0.021515220695315786
0.08963603931114789, 0.019312037314039212
0.08895225291232367, 0.01695587354043394
0.08823215906897452, 0.014473278324458872
0.08748604481472269, 0.011891571728571233
0.08672534363812034, 0.009239790054947282
0.0859582526802895, 0.006583623625025042
0.08518369337778134, 0.003986500511813496
0.0844110601727741, 0.001437621167261054
0.08364838925061002, -0.0010745870173394562
0.08290573498232848, -0.0035430237569411987
0.08219201228645309, -0.005890000104994965
0.08150806027492156, -0.0080817894631535
0.08086178737876762, -0.010148563719903064
0.08025864501312494, -0.012097145550594188
0.07970162179119546, -0.013918458935693557
0.07919522734956203, -0.015593316422010154
0.07874370166398094, -0.01709962130118944
0.07835001012231467, -0.018418068872789378
0.07801553240740113, -0.01953561315464374
0.0777400004249317, -0.02044721406528843
0.07752162009621964, -0.021156319979043364
0.07735666776957209, -0.021673324671200513
0.07723868640204623, -0.02201619876208802
0.07716027832505415, -0.022212857099151932
0.07711338840006372, -0.022305691062081013
0.07708936637301103, -0.0223448375293773
0.07719766456739227, -0.021942934205309492
0.07728505669559872, -0.021731381836228105
0.07744255303644618, -0.02141270744172341
0.07753204060765731, -0.021075352371084804
0.07754085835645808, -0.020774748462789313
0.07751801272127742, -0.020514813321495486
0.07748504934515768, -0.020297550252826098
0.07745475188623722, -0.020119857269808514
0.0774320198969774, -0.019979350477855012
0.07741974657708393, -0.01987900971559911
0.07741967652540752, -0.01982025520692173
0.07743020859953324, -0.019797448566124518
0.07744737433456114, -0.019801863525811703
0.07746537630637575, -0.019821022753383957
0.07748307019336811, -0.019856590948533207
0.07750822064221596, -0.019910655302056803
0.07753954472754006, -0.019971113438949493
0.07756903162272316, -0.020020478352302702
0.0776639153654639, -0.020063810418903004
0.07777767153907682, -0.020108491673380465
0.07749068294527707, -0.02014280866383993
0.07718302148912827, -0.02008815453161257
0.07688637322481943, -0.019898964177226194
0.07667870327157546, -0.019620092146152766
0.07658399812666156, -0.019284876843311174
0.07660257244558275, -0.01890062623805753
0.07670369636993428, -0.01844022641066661
0.07686672184582415, -0.01787653276702701
0.07712986706578154, -0.017165283050088367
0.07747151852783742, -0.016293393464277568
0.07788634484061928, -0.015258905444672483
0.07835769876570908, -0.014079093535935299
0.07881435785344583, -0.012738060397159167
0.07931681609713963, -0.011230269357732171
0.07992801406718918, -0.009633427743107763
0.0806026031171703, -0.007961326971446726
0.08133465813876863, -0.006296605721565815
0.08212002667424652, -0.004681089677420993
0.08295351479529407, -0.003115442154543511
0.0838233884980041, -0.0015610706838611248
0.08471687237985318, 4.246732680120857e-06
0.0856179867035749, 0.0015718307792146802
0.08651058478774123, 0.0031026972187374723
0.08738213707682767, 0.004573096339282565
0.0882174979903606, 0.006011077464786076
0.089009592464016, 0.007429493247630045
0.0897528577280085, 0.008816399676975646
0.09044254951669377, 0.010147519298237042
0.09107444204137374, 0.011395711573156008
0.09164484216129712, 0.01253700695717417
0.09215075890391801, 0.013553639566234362
0.09259014357831927, 0.014434924229206402
0.0929631620133287, 0.01517648373452076
0.09327335679027642, 0.01577869376437553
0.09352356080833796, 0.01624702486374602
0.09370919128872458, 0.016593988716140474
0.0938299936184627, 0.01681517010806342
0.093925861667382, 0.016941895424705696
0.09399911178792272, 0.01700652682284215
0.09405625077952279, 0.01704000716305895
0.09436015021447737, 0.017283738613002177
0.0943782154992857, 0.01707714823879823
0.09439050073831284, 0.016721352671264324
0.09439262852050678, 0.016331436088512005
0.09438244527185535, 0.015977291350271528
0.094369122780779, 0.015700307918469786
0.09428508436739942, 0.015529803897485216
0.09415419833963075, 0.015442905848513596
0.09404365252919213, 0.0153835300854337
0.09396925601102989, 0.015310996348755254
0.09394194559580424, 0.01521992404409534
0.09400305113481815, 0.015104782289203818
0.09415207046597508, 0.014983520443795192
0.09429106758495166, 0.014891688765489408
0.09440282178810593, 0.014836133268391151
0.09452007570211435, 0.014814018227138988
0.09465585913541155, 0.014802825781327387
0.09479635536875301, 0.014793832191946943
0.09492249730968277, 0.014780423459211751
0.09502397761036722, 0.014763865311150941
0.09487683566754672, 0.014823757546863594
0.0944321576611718, 0.014727425805355137
0.0939690968171484, 0.014536587570198926
0.09369951708805266, 0.014324770501533426
0.09360573397525619, 0.014070095022232531
0.09371370554655749, 0.01373315125845165
0.0940267202011994, 0.013285318790989455
0.09457878843146957, 0.012689720246985036
0.09533114069085388, 0.011942322201247867
0.0962733579112657, 0.011048212358789526
0.09741785010709174, 0.009993135927458263
0.09875555522656314, 0.008794458276893563
0.10028182587939179, 0.007448278555891112
0.10198249625218207, 0.005985753610528009
0.10384959111042343, 0.004411024921380758
0.10581898142943753, 0.002786901297078255
0.10785138082399398, 0.0011545589227834425
0.10993637002858803, -0.00048431542522386467
0.11205957861455912, -0.002096325238413691
0.1142303342376378, -0.0037063115714410775
0.11643967978959917, -0.0053560639044783285
0.11866103449125787, -0.007022175268764311
0.120857948343408, -0.008653429202810634
0.12299981250211035, -0.01024607678523923
0.1250657332483754, -0.011766341387080543
0.12704605368810884, -0.013221516993914642
0.1288979363421298, -0.01459570441976303
0.1306058180438101, -0.015892878784841403
0.13212037417857306, -0.017094160342140105
0.1334582002915016, -0.01818080264675627
0.13463998586911602, -0.01913165433602336
0.13567744765826453, -0.019948907342813363
0.13657512087370008, -0.020636532289820757
0.13733260990541224, -0.02120521499844729
0.13794944782173488, -0.02166867758560934
0.13842375795507086, -0.02204748716505376
0.13876754229231283, -0.022356475218050384
0.13899262285768352, -0.022610957833079877
0.1391232128696806, -0.022817703993524122
0.13918827268614048, -0.022994876897236144
0.13867799227050795, -0.022988699013262857
0.13843660594816004, -0.02315006813366782
0.13792695610965694, -0.023259297232856618
0.13738994229266502, -0.023293025832372992
0.13695261958573826, -0.023254340503791833
0.13665711725700563, -0.02317130118398656
0.1364973926428082, -0.02307936049198995
0.13644018886436102, -0.023013299864273314
0.1364462565851983, -0.022994727111538136
0.13648601301311097, -0.02303299428836174
0.13654007124984607, -0.023130660677005494
0.13659430139323805, -0.023268939174021584
0.1366390914610759, -0.023420779332696443
0.13667238896400724, -0.02355605466802675
0.13668967249455913, -0.023658479502344416
0.13669041953510971, -0.023734110057720942
0.13667291439450843, -0.023797630177008387
0.13663619740046878, -0.023862218517971347
0.13657604259136355, -0.023940378328153808
0.13634464229229165, -0.023561283560230257
0.13621114441582324, -0.023848263799633125
0.13575531938874497, -0.023927414407448243
0.13527468605578424, -0.023687080116277244
0.13497861241721174, -0.02313545354677581
0.1349298068006221, -0.02231137940604995
0.13502850777013084, -0.021387862911632114
0.13530313954425743, -0.020443760912797943
0.13580265419538787, -0.01942884964364725
0.13654195962314405, -0.018266723350262536
0.1375213135802188, -0.01689697164547848
0.13872513438469364, -0.01528122913133706
0.14012910707800594, -0.013400551941093193
0.14170722347302656, -0.01125235864380892
0.14343568599503975, -0.008843886894143562
0.14529255319850568, -0.006192187663696181
0.14725750856357955, -0.003353375661622032
0.1493189073051786, -0.0003854063167101497
0.15145067682211802, 0.0026980281728869434
0.1536406369544244, 0.005861728290500733
0.15586153554914703, 0.009022439575060522
0.15806098300380664, 0.012085794296936746
0.16021250983313054, 0.015065634922423046
0.1622980566170396, 0.017967220294945525
0.1643037428178182, 0.020785092142288148
0.16621733540288394, 0.02350537424128413
0.16802717335685424, 0.026108522503998224
0.16972365462392666, 0.02857165671940999
0.17129796835857936, 0.03087011443363265
0.17273947277929072, 0.032982931560313615
0.17396470558387056, 0.034860136093966244
0.17496017161083774, 0.03637613541431192
0.17579832960380187, 0.03758554023620617
0.1765156631952842, 0.038582472836177766
0.17712563774149753, 0.03942747127250233
0.17762991714812776, 0.04014658636536072
0.17802669538304144, 0.04074574328230071
0.17831726425051422, 0.04122357873234849
0.17851044082626036, 0.04158231205830684
0.17862591995961224, 0.04183835101158378
0.178695815299031, 0.04202728704764749
0.17928532445533904, 0.042956990135869906
0.17829250812897163, 0.043024903192332785
0.17700027654632625, 0.0429061971363512
0.1757233627577993, 0.042517177408977244
0.17463300575517887, 0.04183800786580706
0.17386157525190588, 0.04106672809088994
0.17340563662903732, 0.040357440504848276
0.17321858725408498, 0.03982183396907133
0.1732575832557325, 0.03952219860416872
0.17343485017956348, 0.039506189518661014
0.17365701827954885, 0.039700968146468264
0.173898031725317, 0.04002627532932747
0.17411930736883577, 0.040422246708455574
0.17428955762462042, 0.04082302465535829
0.1743923131950004, 0.041161717965970124
0.17442165906268395, 0.04141714141450617
0.1743989843777296, 0.04160069354285261
0.1743353590196249, 0.04172864149904623
0.17424853738124607, 0.04182027395258837
0.1741807661809049, 0.04234501574993524
0.17372821681221065, 0.04240849846051816
0.17303911232106853, 0.04223397108495053
0.17246244443094152, 0.04185092976077469
0.1720367588448771, 0.041245610533191875
0.17189272203289593, 0.040392548140329436
0.17198690925782237, 0.03935003421949505
0.17228471104705154, 0.038136747035467336
0.1727442202368411, 0.036733965493425204
0.1733581848782476, 0.03514640547028684
0.17411565985983607, 0.033375514105295365
0.17499623091134625, 0.031427913721506384
0.1759837167947041, 0.02931144076442518
0.17705509815535006, 0.02703468041891375
0.17818812947798945, 0.024617927196270286
0.17937388700123783, 0.0220727012282102
0.18059329572284222, 0.019416967702861186
0.1818399023606067, 0.01666788003594774
0.18309986645127113, 0.013834793798991798
0.18433138127822082, 0.010943308195467604
0.1855549528810762, 0.00804607105680958
0.18676756909290246, 0.005254439958984421
0.18791334987329764, 0.00260996268152487
0.18898550611344925, 0.00019363634860473063
0.19003002478331635, -0.002031304025720116
0.19106188930832801, -0.004122835961005252
0.19207827372228256, -0.006270688606100783
0.19300148167881448, -0.008368786224712115
0.19384128089285854, -0.010283302088973859
0.19464224538637495, -0.012070566514980835
0.19534186055354594, -0.013773061572548602
0.19594023064954494, -0.015333516425244309
0.19645175743795554, -0.016729933774729453
0.19686805950007802, -0.017963443907148376
0.19718751864845385, -0.018991968096382508
0.1974198719019215, -0.019793971936899874
0.19757638404772782, -0.020365959129962984
0.19767115934731788, -0.02071890662680715
0.19772047826464018, -0.020883487165493674
0.1977433512498408, -0.02091667831615794
0.1983610938718007, -0.02069579327378688
0.19775940976699058, -0.020642446247662524
0.19674513528300108, -0.020463957350130922
0.1955898259833353, -0.020126220413068642
0.19452331410152612, -0.01972066644968937
0.19367408153222665, -0.019326190714513795
0.1930948614429125, -0.01900231512342184
0.19274911700274278, -0.018778106789675432
0.1925903331511503, -0.01866112541767545
0.19256489654259443, -0.018676534408031974
0.19264271350442386, -0.01882722520403263
0.1927811851180615, -0.01906037057482514
0.19292668553232134, -0.019308035692599583
0.19304168471686642, -0.019506840207914405
0.19311361777399433, -0.019631321345813656
0.19314932910721255, -0.019694469588590058
0.1931454624376644, -0.019713473689779812
0.19311249396849567, -0.019709263705629074
0.19305900847171592, -0.019705871098780105
0.1929377826872857, -0.019382127897145232
0.19237868534511468, -0.019560176556991715
0.19156989490668133, -0.019503215493031797
0.19087749185149155, -0.01921851962009853
0.190441785833512, -0.0187005792894329
0.1903354152011137, -0.017939582924557707
0.1905577202922457, -0.01693809050625913
0.19106928610239857, -0.01569913988192077
0.19182168337445252, -0.014256767243876858
0.19278209066672589, -0.01262624137007754
0.1939195459332881, -0.010815197079124015
0.1952070244118449, -0.00882997181455543
0.19662261649695048, -0.0066986057336900036
0.19813921146025967, -0.004452888388547146
0.19969813863407354, -0.0020829000636625305
0.20129935555098452, 0.00034535505447478714
0.20294932666269924, 0.0028268697104349406
0.2046499260254387, 0.005316889056345528
0.20640178050308913, 0.00778897222020586
0.20817363373624767, 0.010276376038145591
0.2099660061194422, 0.012798212821438042
0.21176860571422437, 0.015341918628036173
0.2135625060526943, 0.017888478571198508
0.21530667417594157, 0.020420961760759727
0.21687925559112514, 0.022846813383285085
0.2182996123683495, 0.025057134945901338
0.21961372318925393, 0.027049255056522604
0.22085459272940258, 0.02886518026265874
0.22203458111865965, 0.03055794751217938
0.22315032461270312, 0.0321563440282419
0.22418906409533784, 0.03366087430299305
0.2251327199428846, 0.03505674534329184
0.22596299355587476, 0.03632316290753882
0.22666495976448392, 0.0374404563553844
0.22723100551397338, 0.03839405730621089
0.22766071048266945, 0.03918017802358965
0.22795972511044293, 0.03980408374866271
0.22814390956905706, 0.04027566636567085
0.22824297636703714, 0.04061823204222963
0.2282875815111086, 0.04086177857638351
0.22771615985257246, 0.04140057414430443
0.22715331762301547, 0.04150501601340198
0.22627264031745198, 0.04142887878085983
0.22529111641026342, 0.04106429206769599
0.2243222981571107, 0.04039993623401283
0.22348340171367717, 0.03958504207381
0.22283360193085608, 0.038781807681449905
0.22238357560605654, 0.03813702819913363
0.2221149291832331, 0.037756787619904676
0.22199788568112144, 0.0376851541560383
0.22199930151229014, 0.03787279831634547
0.22209201096679848, 0.038207656246137055
0.22224079243919148, 0.038605930671399086
0.22241494345356339, 0.03897780211791186
0.2225596879118541, 0.03925219229841309
0.22264879824356693, 0.03942489864973994
0.22268237734714758, 0.0395168837543853
0.22267257945070518, 0.03955226203348229
0.22263863920429183, 0.03955423722190284
0.22253019499029225, 0.03998313838811867
0.22198920788472654, 0.039924475416033736
0.2210981525955327, 0.039642893980526214
0.22011310364026968, 0.03909532061075434
0.21919347484986504, 0.03831583798269055
0.2183831859303063, 0.037330807602296734
0.21766013060334055, 0.03619282175965991
0.21697024447068203, 0.034960070306104214
0.21624857233848574, 0.03365521793504535
0.21544178995437815, 0.032261568079724974
0.2145166449236127, 0.030753266213907646
0.21352879753340379, 0.02910520896893552
0.21245892102998434, 0.027282263855126367
0.2112690101803252, 0.025282709655420274
0.20993600646422134, 0.023121462624027513
0.20845625517395866, 0.020816274902406527
0.20684349176640243, 0.01838202454042904
0.20512338924352944, 0.01583074726192952
0.20340679716660287, 0.01322136573729489
0.2017166008901434, 0.010744816763200837
0.20003066848469425, 0.008408495179898239
0.19837067142686152, 0.0061597063922988705
0.1967068280055465, 0.003918102288802358
0.19505277785007785, 0.001639440864564971
0.19343242881918019, -0.0006695266273077578
0.19187737813762598, -0.0030072052745947634
0.19041442545598622, -0.005314566094970207
0.1890494068479942, -0.007579455117534413
0.1877630698968582, -0.009741773528498952
0.18657279036243687, -0.011747418540588165
0.1855085701481595, -0.013529836619780192
0.18458498541449422, -0.015041100134715235
0.18380923328882814, -0.01626457506074049
0.18318172689514217, -0.01720215300190117
0.18270873973262633, -0.01786111705711697
0.18235416032179816, -0.01828485581348577
0.1821015397280658, -0.018503455517794424
0.18193335300752303, -0.01855000828404087
0.18183479159804905, -0.018490365553087997
0.18178616341536535, -0.018386081763843196
0.1823735809714386, -0.017231460611488603
0.18226757134236138, -0.017252521790619223
0.18211570554020265, -0.017364182949187883
0.18201180674425518, -0.017536678758894354
0.18190420134516413, -0.017787135339175957
0.18179020745949195, -0.018095527255258773
0.1817000906468892, -0.01838918583442159
0.18164364756338688, -0.018602536531797175
0.1816251175871914, -0.018678615258208093
0.18164683820560404, -0.018580921533594627
0.18170872614053402, -0.01833061439519282
0.18174052526569454, -0.017954657851692882
0.1818174450415883, -0.017507262564663246
0.18193422813349652, -0.01716678982543568
0.1820558112890721, -0.01696501417615133
0.18218014564777402, -0.016877738231456857
0.182304717032526, -0.01686489844063614
0.18242381178353473, -0.01689281263969794
0.1825364678349794, -0.016928152626045852
0.18262884621673506, -0.016963736880410196
0.18208988329642445, -0.01688574386359101
0.1813889472926087, -0.01670432078337795
0.18052627988862277, -0.016361708441074676
0.17969743834033333, -0.015768241749019463
0.17910810751226294, -0.014983720581098856
0.1788333792657154, -0.014091422699043501
0.17887343851133228, -0.013177640938997178
0.17918600501042367, -0.012313680014407363
0.17967257531709016, -0.011508846757503799
0.18013583953663204, -0.010857597350051812
0.18065518956290832, -0.010438152243836925
0.1812312480287368, -0.010294099620600954
0.1819632573940841, -0.010097867250389674
0.1828401704190064, -0.009493284014852776
0.18367653331549483, -0.008580921028379901
0.1844826398586518, -0.007540397143535218
0.18535903061583106, -0.0064732878670341705
0.18632659602751783, -0.005234468680185605
0.18727134520261754, -0.003956600937377232
0.18825793477263703, -0.002649211361527324
0.1891794341731371, -0.0012760862025808428
0.19006410913859217, 0.00014872236028590688
0.19094062161353825, 0.0016334761405118817
0.19181811052773456, 0.0031717590755798914
0.19269195184842286, 0.004739703988732168
0.1935501577074654, 0.0062699707936833046
0.19438214418281494, 0.007734559587907299
0.19518071223586522, 0.009092827048957548
0.19592225748553235, 0.010309972771142983
0.19666022900174715, 0.011357451237455773
0.1973957679596308, 0.012082308772348508
0.19796759270340458, 0.012587700155391084
0.19838144506900782, 0.01305807252519896
0.19874493619901015, 0.013427492841485566
0.1989965330643066, 0.013724940575641796
0.19918079785554116, 0.013947603721153242
0.19931018529470057, 0.014112794658564276
0.19940232002614475, 0.014232908623033258
0.19946338315677026, 0.014316857429392593
0.19950359683325797, 0.014375734291194153
0.1988883402023651, 0.014739268479615807
0.19901592641780183, 0.014694984760588248
0.19918663613215828, 0.01463855591232057
0.1993467616600804, 0.01461489162374312
0.1994659197893743, 0.014636736362659058
0.19953291607784554, 0.014694848612558462
0.19955097882798195, 0.014769550186545551
0.19953427001212984, 0.014839683999185397
0.19949809786331033, 0.014889088901706763
0.1994565806694927, 0.014908242399114402
0.19942208220686874, 0.014897445373665885
0.1994041428692969, 0.014855109892541655
0.19940507875238705, 0.014785207230060915
0.19943073127506963, 0.01469346322759154
0.1994885816097137, 0.014595447480199038
0.19957445263160833, 0.014481240436036165
0.19967283840200983, 0.0143347499436895
0.19977490768113237, 0.014169315692010322
0.19987352580560608, 0.014003151796199466
0.1998214393631623, 0.013958801179920332
0.19934107854461758, 0.013731126775905341
0.19839945533431658, 0.013362062040044089
0.19740682330994636, 0.012954885972101204
0.19661728626008407, 0.012573495470655546
0.19615371278841073, 0.01227727657171825
0.19604102588013306, 0.012106936514825787
0.19624249896879226, 0.01200420569203828
0.19672044071841055, 0.011890918627366564
0.197430650052286, 0.011704860739594666
0.19832056647886942, 0.01140571846241843
0.19934379634342433, 0.010981176294381167
0.20053113033304534, 0.010588959662102214
0.20178718995926961, 0.01041603290769564
0.20299109208674138, 0.010221174662173623
0.2042295671828498, 0.009805986368693216
0.20555275036431342, 0.009403347753206443
0.20686371284877866, 0.008982349557036405
0.20824261818287867, 0.008446609427444986
0.2096657594041466, 0.007947747942339344
0.2111077915857271, 0.007372147039397397
0.21259243726768318, 0.006760666555319567
0.21407193175922223, 0.006126727315617907
0.21548213024959856, 0.005431701697858744
0.21682282834692615, 0.004668172910354386
0.21810186333959017, 0.0038554357148763724
0.21931559807558407, 0.0030261946547711673
0.22045456502057112, 0.0022222213693745647
0.22150822021785777, 0.0015014880913726035
0.22246537376889416, 0.0009145505261688535
0.22331585794177725, 0.0004922674300599206
0.22405526451547628, 0.00024138502727407804
0.22468235278444004, 0.0001451389433848608
0.2251990787278835, 0.00016837361274990432
0.22561007892520404, 0.0002656094741864391
0.22592236927946538, 0.00038992421711401436
0.22614526255938958, 0.0005015466922693426
0.22629023198999412, 0.0005730707080337179
0.2263712736184164, 0.0005914828676370356
0.22640527034805688, 0.0005562913568263016
0.22640350819111726, 0.00047349257897278573
0.22644828358874558, 0.00047445320224614
0.22679677410661309, 0.0005730203023756945
0.2273428926923637, 0.0006716990425454598
0.22795076848495827, 0.0008113130679475898
0.22853279336393129, 0.000981717791662832
0.22904340097297246, 0.0011804815562344458
0.22946928986048645, 0.001406027126062369
0.22981594168352543, 0.0016567001211842476
0.23009844368787702, 0.0019360712418105982
0.23032955065373806, 0.0022413837728745426
0.2305154648325723, 0.002566903293713019
0.23065700357602503, 0.0029064330409359863
0.23075023836006495, 0.0032532921139331217
0.23078867531562638, 0.0036041880771775356
0.23089016028211443, 0.0027113327527448438
0.23108971626917493, 0.0002575458166795456
0.2315266706271058, -0.0001631298913120195
0.23203191836675185, 0.0006073732361761466
0.23238417990990065, 0.0018099591606671572
0.23244302497019156, 0.003273770811956369
0.2321636378512611, 0.004836479427337521
0.23159192706803358, 0.006201254768976668
0.2307968453691479, 0.007024448430494639
0.22985668283716845, 0.0071455315394395435
0.22885023297865145, 0.006785571125091129
0.22784883533527445, 0.00608825683069682
0.22690675342139527, 0.005280411213259289
0.22605653904330836, 0.004630897331123162
0.22528050417351791, 0.004556654529284357
0.22449993706649862, 0.0043878905247452665
0.2237030733749038, 0.004093502957800925
0.22299454797049423, 0.003928190592757795
0.2223601439331889, 0.003736089470271309
0.2218441351376559, 0.0035128273372326676
0.22144049076628905, 0.003316421759759299
0.22113181393373774, 0.003158596340642072
0.22091387068976304, 0.0030417025524956476
0.22078788258930424, 0.0029644377006068554
0.22075038042766848, 0.002919368061539802
0.2207967912209391, 0.002895822230995644
0.22089822456872557, 0.0028419092285664285
0.22050417824298363, 0.0028194383268592953
0.21982399647322334, 0.0028051654629528645
0.21913046801584787, 0.002752031412236431
0.2186000288520668, 0.002615586965397985
0.21832275636259454, 0.0023626963448507136
0.2183204965145356, 0.0019871661353553323
0.21857132779556515, 0.001546426520744903
0.2190341250235984, 0.0011023309585217686
0.21966082667388934, 0.0006507802391978933
0.2204086579014241, 0.000144126089825629
0.22124564938163319, -0.0004479491495070105
0.22215107543350374, -0.0011370522610646787
0.22311460157647037, -0.001937087190368771
0.22413604260987097, -0.0028557507720429415
0.225216866854948, -0.0038320095271121794
0.226347623063144, -0.0048132767289610235
0.22752175964163965, -0.005772069892780231
0.2287319451553958, -0.006711201290298092
0.22996734559556575, -0.007640473598841081
0.2312207678818202, -0.008587979057520755
0.2324669647427045, -0.00958344177766125
0.23363183648559302, -0.010606439976855309
0.23472911555189319, -0.011608206018300288
0.2357793575925639, -0.012559018623668762
0.2367638925357327, -0.013453722692304264
0.23768451242391672, -0.014314201505710613
0.2385592960780862, -0.015150986918262294
0.23938909275489456, -0.01597303933034833
0.24016293384164655, -0.016789444134775604
0.240866920713689, -0.017591946325583193
0.24148869858599842, -0.01835699989702671
0.24202004298969085, -0.019055564599192377
0.24245700991460206, -0.01966051453953481
0.24280080822009248, -0.020154085717293872
0.2430584094470841, -0.02052945679309943
0.24324417396316628, -0.020790735012492293
0.24337158191045197, -0.02095178960263833
0.2434520604278771, -0.021032996442801544
0.24350367903649783, -0.02106815730252177
0.24324774045933706, -0.02090752995573203
0.24272661324111688, -0.02078203766415813
0.2418492225576445, -0.020569398143518956
0.24079642417825758, -0.020242836742898607
0.2397534719957882, -0.0199305163918477
0.23889377521942926, -0.01972712572479483
0.23835976241091864, -0.019647201112927056
0.23814584786999035, -0.019588132089857668
0.23816612103776774, -0.019438002206072214
0.2383275189671681, -0.019216465241352086
0.2385541863372322, -0.018957218612989313
0.23878857308180404, -0.018659082839369345
0.23898927944550666, -0.018332560935800407
0.23913664095358872, -0.01800181803240759
0.2392343997466693, -0.01766818363217816
0.23928471370564589, -0.01733404026792887
0.23929155199544194, -0.01702808131541814
0.23925978889256921, -0.016779062184621062
0.23897010517842388, -0.01609214080565247
0.23834712792401516, -0.015783958654551518
0.23761595753506093, -0.01535133471375402
0.23701058856129376, -0.014873473851811828
0.23666700505334273, -0.014388815195603531
0.23664973297534175, -0.01388598086054091
0.23696685828388805, -0.013316131474145626
0.237587480755993, -0.012637546916663144
0.23846906997138853, -0.011839117331112198
0.23957107900283584, -0.010900658430149642
0.24086133738198143, -0.00977814508900358
0.24232073149754788, -0.00843880067016734
0.24393789580692146, -0.006849139491751485
0.24570039554939826, -0.005004468906812451
0.2475598294623207, -0.0029305007524963074
0.24951420623391146, -0.0006947321531542162
0.25155892135345864, 0.0017024925011751239
0.25369866424294263, 0.004283147598990326
0.2559259773390155, 0.006948065571544252
0.2581429683577918, 0.009507464256213067
0.26032413220534306, 0.01191698613066424
0.26247259887886537, 0.014194166296520596
0.2645869723283522, 0.016386118516295387
0.2666607326250587, 0.018530291284651116
0.2686813459864622, 0.020643958247602998
0.27063152634707094, 0.022726299642433632
0.27249190061200956, 0.024762505169537624
0.274242055958794, 0.026727186585311643
0.2758234970416343, 0.028581807511345238
0.2771523249778952, 0.030231094735127185
0.2783010646106277, 0.031663309465922676
0.2793160205143463, 0.032949261862761335
0.2802126989501248, 0.03414789603741093
0.28098563459056375, 0.03527136451031021
0.2816213899176997, 0.036282777161370454
0.2821271282408859, 0.03712578505203536
0.2825639801264415, 0.03779877985925103
0.28274370383718805, 0.0382773426096878
0.2827174374009393, 0.038444994075888424
0.2826658550321791, 0.03841396854965757
0.2821727135078864, 0.03984545488472017
0.2813081309613389, 0.0399267612915616
0.2799153388008298, 0.040387682479138584
0.27877207712609275, 0.040587313846487054
0.2780443063826088, 0.040097978789771546
0.2776394578041756, 0.03896345690762117
0.277319157830634, 0.03739403686359463
0.2769617071938034, 0.035793468225450834
0.276571011308905, 0.034548915848385375
0.2761541383631815, 0.033866526182398375
0.27571748422032655, 0.03371198007956016
0.2752914415603547, 0.03395552826348831
0.2749719945263335, 0.03447213957955551
0.27483606031401403, 0.03503904845882726
0.2748764989509354, 0.03537288192030421
0.275015667569505, 0.035334223151458684
0.2751870058345305, 0.035002211025133505
0.275348196750898, 0.03453227971605937
0.27521065212447693, 0.034604152126320294
0.27462475392293384, 0.034082082048737174
0.27364472325359096, 0.03351423021844921
0.27257006595657307, 0.033056880388891034
0.2715845710345948, 0.0327368995646677
0.2707269754554688, 0.03247776065522251
0.2699935471047727, 0.03215813712295058
0.26932880399382575, 0.03170271779123088
0.2686646980948224, 0.031052660165300467
0.26793600464783546, 0.03013999989185573
0.2670934404507391, 0.028942802197029834
0.2661124364635345, 0.027467215678031592
0.26502070632189717, 0.02572553961591214
0.26388612284122576, 0.023732396880547676
0.2626805321534973, 0.021537980692867543
0.2613817582162753, 0.019214658355283094
0.2599801903032677, 0.016830024808996268
0.25847857261914575, 0.014432781277216356
0.2568902105338232, 0.012049425562409032
0.25523627961977524, 0.009688244957723064
0.2535449050689284, 0.007347110608396787
0.25185753022211316, 0.005053768840151
0.25017911966266126, 0.002801515864966799
0.24853465809569095, 0.0005922814778280378
0.24694497569982102, -0.001536447147335467
0.24544660903838283, -0.0035642910885824537
0.24403355131014295, -0.005487790307181422
0.24272118256673936, -0.007309434822824697
0.24152037346543154, -0.008992431249817988
0.24043306074787124, -0.010452006407144698
0.2394636936768604, -0.011679274708499209
0.23861666008291388, -0.012674139230319043
0.23789422332486745, -0.013443945052224305
0.23729608644325903, -0.014006703819216077
0.23681989421561872, -0.014400292381924779
0.23646061779173264, -0.01466830149180573
0.23620889973033135, -0.014840875496381278
0.23605093475265126, -0.014940224309777811
0.23596800276711688, -0.014987232303291775
0.2359373163783059, -0.015000623071024025
0.23773416678806106, -0.01430094851084143
0.23748807493100996, -0.01443025618491084
0.23704553237791667, -0.014763382343019226
0.23649617461904007, -0.015301169258319588
0.23588360678945083, -0.015924412715350722
0.23533189328430157, -0.016421030474543165
0.23498378569953454, -0.01665407683027246
0.23488325674425162, -0.016587360135793313
0.23497949054819736, -0.016249842298017583
0.23521386823067442, -0.01572686214057256
0.23549556924727638, -0.015092024051213888
0.2357556658917386, -0.014503808014976327
0.2359828706623013, -0.01405992683853786
0.23617112225568868, -0.01374558821676095
0.2363024313472484, -0.0135542014001569
0.23637315388392635, -0.013510252267022632
0.2363891090844185, -0.013615075527168537
0.235711970020045, -0.014044820718649858
0.23495355460760414, -0.014140246522709244
0.23404897773481184, -0.014091641561495056
0.23319684074272576, -0.013868562390885283
0.23256335861772304, -0.01337708702088102
0.232231359962604, -0.012640513278840793
0.2322262071990369, -0.011806293834031692
0.23249663351832833, -0.010993710759278867
0.2329790578353773, -0.010253079152907197
0.23363066716184133, -0.009565148654210815
0.23441334310447512, -0.008888383529606893
0.2352899274726465, -0.008164593372954275
0.23623730991907327, -0.00734370745519038
0.2372494552083138, -0.006417549913159971
0.2383326025498051, -0.0054197578828161655
0.23951535540614471, -0.004466045321236647
0.24076797931115732, -0.0035932253817557674
0.24205636047478798, -0.0027948544812991245
0.24335010888901268, -0.0020099598297810056
0.24455740596326855, -0.001172499855848764
0.24564209894675812, -0.0002495383083739682
0.2466505852419868, 0.0008226327869388461
0.24762460096378022, 0.0020766300845565895
0.24859800468349497, 0.0035089382708766285
0.2495884632449087, 0.005086176131298855
0.25059884355430895, 0.006741520923157637
0.2516005474593589, 0.008395876421700196
0.25255909519162556, 0.010000383796848797
0.253440198309858, 0.01142864960205943
0.25423458344341743, 0.012613661453921732
0.254951378174828, 0.013542960522335936
0.25559477236508127, 0.014236536385376315
0.25616786332635827, 0.01473850256156748
0.25671031367603775, 0.015112885181921788
0.2572621354706915, 0.015412203745173606
0.25779252979052847, 0.01564930357511535
0.2582353817583562, 0.01579812943691195
0.2585573318656217, 0.015835945201156026
0.2587663354613196, 0.015775298071910037
0.25889555533571845, 0.015677799073562395
0.2577552874906713, 0.01572228931392738
0.2578659839442846, 0.01545108641343322
0.2580159613354653, 0.014968821807620008
0.258156160309822, 0.01446551523063168
0.2582619345638111, 0.014057536221780506
0.25832690309817413, 0.013751612758683375
0.2583560923647898, 0.013506263306942767
0.2583581463343245, 0.013315892374381327
0.25833994056257786, 0.013175615301686483
0.25830684370673723, 0.013060646072070838
0.25826544900239906, 0.012929297270786757
0.25821956268442925, 0.01277701110804564
0.25816875911408316, 0.012645298450495729
0.2581255353782754, 0.012547378973566293
0.25809289563404625, 0.012459013119303064
0.258069560100271, 0.012363904869284566
0.25805625848397856, 0.012279199190106567
0.2577410185600883, 0.012132884263820016
0.25732233585136144, 0.011967831822508867
0.25698228774756576, 0.01173890281160676
0.256874328751687, 0.011441999242637304
0.25708103517254793, 0.011148624326036567
0.25754705178319426, 0.01091045863474584
0.2581906476805072, 0.010645033542073584
0.25902109145789953, 0.010243811991348136
0.26004930988631364, 0.009642058885453591
0.26125620603166083, 0.008819910768563753
0.26260889197118686, 0.007863928979161628
0.26414607025490366, 0.006833680191564415
0.2658844763939029, 0.005785114960340807
0.2678182637781514, 0.004751479873550113
0.269929560337199, 0.00374021424212466
0.2721912076022957, 0.0027498428390210082
0.27456786966618696, 0.0017191683255295932
0.2769373119607304, 0.0006005779462875121
0.2792295985190898, -0.0007359168105998743
0.281515813605391, -0.0023082735290290736
0.2838394407017547, -0.0040264420987703615
0.2862140770537832, -0.005769932582796763
0.28861576863321836, -0.007475969954729528
0.29102149663211224, -0.009089456099539855
0.2933893836980093, -0.010548140414383431
0.2956853954166205, -0.011844016069682859
0.29787522178357967, -0.012976019449888541
0.2999237268871584, -0.013967932216117016
0.30180070351866223, -0.014842373794158916
0.30344776605220863, -0.015584736733052712
0.3048358383099335, -0.016236273055640092
0.30600930981218327, -0.01687695411159791
0.3069498485808253, -0.01755873472531556
0.3076371651456446, -0.018255227967941483
0.3081364246062191, -0.01886741607181519
0.30849838586767975, -0.019344409647447436
0.30875629184357667, -0.019672899161716786
0.308935261354225, -0.019863569659558246
0.309055361414441, -0.019938830278676038
0.30913480583765, -0.019923966655323914
0.3090176876477646, -0.01958385477248186
0.3089624113318026, -0.019409166123752587
0.3088445530305777, -0.019310493346792572
0.30871425991383483, -0.019493815184513232
0.30861019275061957, -0.01994338189443359
0.30853757198482223, -0.020531921995212518
0.308491100424144, -0.021089375703692844
0.30846148425071673, -0.02146056324036951
0.30843778226061075, -0.021553077383914567
0.3083991373316485, -0.021380428495124174
0.3083495158377233, -0.020971234455669424
0.3082970161537042, -0.020362200975783517
0.3082453369372762, -0.019618361794540636
0.3081984571887767, -0.018852708533601086
0.3081626424238568, -0.018190168411600934
0.3081376342012284, -0.017686062750578962
0.308129173299825, -0.01735693748326986
0.3081373201196618, -0.017181143140873274
0.3081579490449226, -0.01711722216018331
0.30817778855211764, -0.017140133504044416
0.30795431341351, -0.017451457441928088
0.30761343132443014, -0.017516313832881367
0.30731476973368266, -0.0174672630469996
0.30716188094372265, -0.017308537940082424
0.3072125755787177, -0.017049899451539927
0.3074856920900501, -0.016715641436307296
0.3079800783558296, -0.016321416204777832
0.3086881141234202, -0.015880238735247066
0.3096005318817242, -0.015400883233595623
0.3107050429168826, -0.0148681167431543
0.31198842834641843, -0.014250269918189428
0.31343841587231885, -0.013512013173478856
0.3150459570197079, -0.012615618837812346
0.31680170194753554, -0.011534229224658275
0.31869509711457195, -0.010264414608985183
0.32071383510695445, -0.008820997519206264
0.32284036306046693, -0.00724628867788617
0.3250448904329901, -0.00558585850960888
0.32724269118877536, -0.0038166005144208816
0.3294545341610375, -0.00186751088637941
0.331692340707546, 0.00025563289045317663
0.33392905000858936, 0.002372070826082116
0.33604561300867974, 0.004306498968045656
0.3380887829669471, 0.005967382756262845
0.34020458722260405, 0.007379134393573214
0.34235576630198256, 0.008511613651927385
0.344456086937386, 0.009502143067682807
0.3464388023786744, 0.010456686506766151
0.3482579110523243, 0.011431555681525495
0.349889899362154, 0.012450992284957161
0.35132666718536976, 0.013519246654946207
0.3525681853422734, 0.014619876785997651
0.3536197643651917, 0.01569160455373752
0.3544932809928452, 0.016672677792847007
0.35519707596778316, 0.017556538530010827
0.35573645793662256, 0.01835512914396554
0.3561196886968086, 0.019074094510816108
0.3563621654465125, 0.019708529246053475
0.3564879222984697, 0.02024921390180648
0.35653102381102036, 0.020687959567088264
0.356115383984377, 0.02036695023005966
0.3561763721089414, 0.020637216675588845
0.35632870792216137, 0.020924800710410394
0.3565380583348203, 0.021359107847617655
0.3567323878581865, 0.021922623664414182
0.3568709475582643, 0.022534568284120565
0.35693834990747025, 0.023083501379450436
0.3569394782573013, 0.023451707044357922
0.35688833024854033, 0.023562524963200285
0.3567956125043733, 0.023387833870908672
0.35665590547659726, 0.02292244263420537
0.3565079459415738, 0.02220604032794703
0.3563940594801709, 0.021342842641245783
0.35634285742248273, 0.020500043429960094
0.35636528953699165, 0.019832943346535268
0.3564535206030103, 0.01944130929132063
0.35659087850606674, 0.01941017019509879
0.3567574097150017, 0.019811642422429512
0.35691252305535554, 0.020592161673212223
0.3569789924231832, 0.021228589067930185
0.3569177779473105, 0.021927488696737055
0.3568999299128052, 0.02222282935824245
0.35689243487692823, 0.022109764729201092
0.35693235108914967, 0.021554920196203593
0.35703386469387133, 0.020749321047688098
0.357175135420499, 0.019952360727901724
0.3573182443043493, 0.01927555058668629
0.3574416576654371, 0.018651800568737414
0.3575547998087235, 0.017982121567782082
0.35767614088672384, 0.01719630489381989
0.3578159355583533, 0.01626704142208412
0.3579799127894651, 0.015198791328220334
0.35817133523936834, 0.014012351058363483
0.3583903123974276, 0.012743095722347112
0.3586333513131921, 0.011437967358308248
0.3588939396232553, 0.010131491230642357
0.3590644812632293, 0.008839538941738072
0.35912223536122734, 0.007554738383479323
0.3591547331753215, 0.006296173988549164
0.3592180021557438, 0.005069826593146866
0.3593105456748539, 0.0039121804104981185
0.35932874273185667, 0.002809173635328659
0.35934576683655245, 0.0016171514675808144
0.3594224244613756, 0.000200748576125243
0.35958164325559533, -0.0014893460034054672
0.3598285101636894, -0.0033739112962797024
0.36012555460272366, -0.0052875923393233765
0.3604335270272517, -0.007083090589796421
0.36072412835622064, -0.008619782543092485
0.3609750141294172, -0.009767050671000166
0.361181575195474, -0.010565632075169777
0.36135067292625156, -0.011108414536160474
0.36148937524456737, -0.011484108607420038
0.36160358154589856, -0.011759171107331318
0.3616999015109651, -0.01197892354399109
0.36177890357590103, -0.012169925508260801
0.3618410253557232, -0.01234214748090517
0.36188652075647854, -0.012491295690333649
0.3619177064017641, -0.012606725896905183
0.3621276083868303, -0.012105999698020144
0.3621574497940839, -0.012221190562596405
0.3622024762312749, -0.012567772850437378
0.36226760789533446, -0.013109490851768171
0.3623404786476519, -0.01374990891522296
0.36240044185567255, -0.014393377397090571
0.36242857028800657, -0.014912289181216572
0.3624163344555004, -0.015186403583257672
0.36235777292438787, -0.015208981060121939
0.3622569945387532, -0.015022200130897563
0.362134531150292, -0.014643879474208355
0.3619831864495776, -0.014071070092511889
0.3618082639582681, -0.013261722118985133
0.3616417199843635, -0.01232819772291509
0.3615074317189369, -0.011475821006939786
0.36139203234806383, -0.010805102493318616
0.36131076705293524, -0.010293856647570081
0.3612775707145628, -0.009959639210511014
0.36129345905830096, -0.009829745861213253
0.3613532202416614, -0.009898186772975805
0.3617062589182997, -0.010243675455869662
0.3614108752790568, -0.010453473658912695
0.3612359383484465, -0.01039747322269138
0.3610871719717914, -0.010334118259926587
0.3609123787714713, -0.010303734996783503
0.36065788064998466, -0.010324629587787263
0.3602803907469505, -0.010390470266309557
0.3597564921320485, -0.01049368782553517
0.3590661794991261, -0.010691685193020183
0.35819567011815917, -0.01104712125110014
0.3571401635168664, -0.011585186935454106
0.35590253587176973, -0.012299077402285464
0.35449005424920504, -0.013157898410967562
0.35294504682303524, -0.014108528667735192
0.3513449336860886, -0.015104405422363743
0.3496360838083743, -0.01609212582377664
0.34780327210484346, -0.016970210594448677
0.34590780639203444, -0.017737609282316397
0.34393218559186717, -0.018406173324670094
0.3418830042093365, -0.018996115684635717
0.33980214138552056, -0.019564044159412645
0.3378155088717265, -0.020179549736082502
0.3359083870155394, -0.02100002838152532
0.33405001176825194, -0.022073275407719462
0.33221177654125617, -0.023350022340261907
0.33038790653390054, -0.024701478915747664
0.32859374656676843, -0.026000522992911234
0.3268563404926562, -0.027157017002834516
0.32520752625712335, -0.02812281286563051
0.3236790456317325, -0.02888685692582866
0.3222966808706149, -0.029464224893608046
0.32107283128665304, -0.02987955135476426
0.3200161093780703, -0.030142009048590747
0.31913744904184427, -0.03028187717331309
0.31843875820329703, -0.03034807395042167
0.317912922195587, -0.030378829985010476
0.31754375348387814, -0.0304006305714615
0.3173091696117268, -0.03042921499801605
0.3171814405402284, -0.030471649624714034
0.3171290288843846, -0.0305281253472355
0.3171164874391276, -0.030593381570706627
0.3156792328949007, -0.030542457183954055
0.31544101317978773, -0.03059137217488594
0.3150971924978713, -0.030600695551179922
0.3148068498936725, -0.030541601258120776
0.31459825011234555, -0.03045520845427529
0.31446804062672057, -0.030370872432792514
0.31440207344214993, -0.030301788298067758
0.3143828113292367, -0.030249317993815587
0.31439819446549794, -0.03020602401399862
0.3144272479979042, -0.030145911843257447
0.3144548726164299, -0.030052904607801207
0.3144738958898101, -0.02992679084191481
0.314482569546925, -0.029776336675742743
0.3144774961906545, -0.029615065289978974
0.3144458228820024, -0.029465398224860904
0.3143827184103099, -0.029356253299877115
0.3142871353818491, -0.029301500389676948
0.31422026864068736, -0.02947161775680895
0.31407333754155814, -0.029475325212083903
0.3141952083601387, -0.02926283972482089
0.314589017305555, -0.028859039781965364
0.3152217426548293, -0.02825950233515789
0.31607453278749875, -0.027435736942801554
0.3171402431111449, -0.026329665227720726
0.3184243399786774, -0.02487977749755678
0.31994267860548486, -0.023032540361063687
0.3217145771633157, -0.020755876298472257
0.32375530132571856, -0.018054803819550314
0.3260710897114212, -0.014963582587638443
0.3286566476094781, -0.011523639563657491
0.3314924719943188, -0.0077732479331051535
0.33457907613077137, -0.0038042838713057392
0.3378654375108255, 0.0002383115882338966
0.34130820767427555, 0.004307319627449508
0.3447624127474661, 0.008425822307540652
0.34820980660608586, 0.012596059779870397
0.35166666263338153, 0.016801791559662202
0.35514518374126014, 0.021054112689599377
0.3586369625423841, 0.025342028875113252
0.3620974731350461, 0.029630782268664318
0.3653953307751954, 0.03387776697889835
0.3685761422048613, 0.03810042805608561
0.3716680529133004, 0.04230277999078964
0.374657144008188, 0.04644748946359172
0.3775040454396263, 0.050455821082400626
0.3801594165400893, 0.0542268422440605
0.38258525860894826, 0.05766555265421098
0.3847501935853769, 0.060698926235966365
0.38661848472396276, 0.06328936287363497
0.3881652185195445, 0.06541228171269284
0.3893850283686821, 0.06704357574609938
0.3902928177936425, 0.06818848377845407
0.3909200589907721, 0.06888879232053131
0.39130311601296563, 0.06920602325553625
0.3915075924891066, 0.06923720457541106
0.39159780436694047, 0.06912129235668463
0.39165344737310315, 0.0689673051928287
0.387932995253341, 0.06763547624309882
0.3885957039874974, 0.06756586518428677
0.38944476374169534, 0.06741761819606285
0.3903278962704157, 0.067125029247014
0.3910868519878652, 0.06682199126845272
0.3916411502146608, 0.06658795387952604
0.3919695241984369, 0.06649264918341587
0.3920930045296448, 0.06654974343065452
0.39206521684318035, 0.06672485548486225
0.3919459615938268, 0.06695227360934206
0.3918091490892868, 0.06720122607358746
0.391706173948671, 0.06743954444174405
0.3916437365327636, 0.06763980978045155
0.3916178802054119, 0.06779682758621763
0.3916125398193126, 0.06791017076341274
0.39161964981828257, 0.06794815850490714
0.39163268296316495, 0.0679021721485532
0.392006943865973, 0.06801632624977379
0.39210379448842353, 0.06784997225033919
0.39231143910892435, 0.06761878536764787
0.3926135161370574, 0.06732779301100596
0.39300660947687605, 0.06698154709975952
0.39349032585569793, 0.06657073666713913
0.39395684061576963, 0.06604646310586433
0.3944348118701216, 0.06536265189523595
0.3950173170185083, 0.0644774480680853
0.3957612711425553, 0.06337326031033874
0.3967043302320375, 0.062054151675139765
0.3978721738475375, 0.06055157263151924
0.3992669533816445, 0.05891591084110157
0.40086950842336255, 0.05719836005852176
0.4026441597045849, 0.055438473148845036
0.4045484476491916, 0.05364421669130246
0.40655355311429814, 0.05182091288616949
0.4086258484876996, 0.049979396974139785
0.4107151528782465, 0.0481338077578682
0.41270744990301655, 0.04631232831026203
0.4146290971590581, 0.04447609391356488
0.4165275984051154, 0.04258510563005479
0.418425082270205, 0.04063935387354964
0.4203262624410967, 0.03866584505105407
0.42222029829671576, 0.036710319778243704
0.4240469809884187, 0.034832746222940296
0.42566763713828254, 0.03307591882237297
0.4271635465443292, 0.031482573100485085
0.4285522437140935, 0.030098811995060527
0.4298061191166439, 0.02891454098945777
0.43093797373623705, 0.02788159312939605
0.43195232149794827, 0.02699959486013954
0.4328366166705106, 0.026282021596944042
0.4335835061199034, 0.025720432766314177
0.4341905606240766, 0.02529353396755793
0.4346614289390763, 0.024974904749942253
0.43500422143300754, 0.02474185710078482
0.43523575657244873, 0.024579400013142388
0.43538035901053246, 0.024470507964896842
0.43547221013876497, 0.02440245665190295
0.4339333618998587, 0.023473461945534204
0.43422377599908, 0.023575689744425442
0.4346633500267243, 0.023883608737571123
0.4350263765267732, 0.02430297580777102
0.43526664873900356, 0.024736687582471672
0.4354427176211656, 0.025064690050192608
0.43551224920970194, 0.02529405744670425
0.43551896538417706, 0.025404792838313924
0.43548293876768945, 0.0253988374359963
0.43542419133216037, 0.025290805355627038
0.43536707407066366, 0.025114479931212137
0.43532788318909393, 0.0249043766524718
0.4353388174429243, 0.02468115515090968
0.435383884558813, 0.024463348401482666
0.43543362713931005, 0.024219637089428127
0.43547076586108524, 0.023961674924379783
0.4354758058031191, 0.02368922727559817
0.4354606325405087, 0.02340198434306527
0.4354409342135813, 0.02312967949330678
0.43589103551127095, 0.02283377813570733
0.4359417020683587, 0.022451477376340297
0.4361446994982776, 0.022083440163709098
0.43626082756279566, 0.02178158717544789
0.4361863275409379, 0.021468155854659207
0.43583643581137826, 0.021091494031552784
0.43526957350372253, 0.020570897055822674
0.4345427223424365, 0.019870305887714813
0.4335956643636327, 0.01900448043377798
0.43242564437218906, 0.01796459526513807
0.4310213087759948, 0.01672956103607003
0.42939066290727956, 0.015282396555488216
0.42755422127998116, 0.013613228473076194
0.42553860154204015, 0.011723660624611066
0.42337155740974225, 0.009627707769096194
0.4210837341163383, 0.007370176583080883
0.41869852995500073, 0.005016999067289064
0.41624176003881647, 0.0025330497371131864
0.4137393399557494, -7.465501816490043e-05
0.4112261360104416, -0.002723641897766063
0.4087056136051391, -0.005257754529942539
0.40617897184089863, -0.00766469146536893
0.4036764670186787, -0.009945114181185434
0.40120894662610496, -0.012039835416308221
0.39879348787496716, -0.01396065672323685
0.39646171765189486, -0.01573666491831144
0.39424797092997504, -0.017398950545735325
0.39218658466910755, -0.01897406274170703
0.39037584802399156, -0.020455036104838727
0.38882408295882914, -0.021824677694348933
0.3875001214627217, -0.02313652430394048
0.38637539327107356, -0.024417726747951132
0.38536234472797326, -0.025685357380994905
0.3845021121938663, -0.026893682469591187
0.38384109377713005, -0.02786963676609026
0.3833068266333401, -0.02860717852006025
0.382914328519276, -0.029094511952272514
0.3826396009895842, -0.029366255966325014
0.38245640905006345, -0.029459545328954288
0.3823354299677832, -0.029434409347519976
0.38308200763060024, -0.029756902790836877
0.3828721151808194, -0.02959566471617005
0.3825638326610022, -0.029417935902284247
0.38223710529070154, -0.029294329271015464
0.38194789766952036, -0.029234657870687457
0.38172318602345623, -0.029219458194059487
0.38157024723573124, -0.02922366579546955
0.3814854950912596, -0.0292232317751675
0.38145999755507376, -0.02920594862342641
0.3814802657776637, -0.0291660129752988
0.381530510596186, -0.0291082704584887
0.3815918774744133, -0.029053112300547593
0.3816490981617807, -0.028988425869140765
0.38169483881518584, -0.028904417550983347
0.38172730323820775, -0.028785390794154146
0.381740548009171, -0.02863036680594155
0.38173872551354665, -0.028448122693396954
0.3821508038947518, -0.028340047735281357
0.38211484472675955, -0.028126549347345275
0.3822125042221831, -0.027998513227670163
0.38237965466673096, -0.027844922753757037
0.3825915218242686, -0.027603988949322224
0.38282437102648487, -0.027236363056187544
0.38307260905706436, -0.02671372000078768
0.3833396883876718, -0.026016156872304182
0.3836336063218249, -0.02513190362139931
0.38396356372331014, -0.024056651494980107
0.3843376497456373, -0.022790698172054046
0.38476214382506546, -0.021338254743004215
0.3852402324407897, -0.019706995494678133
0.3857690361840773, -0.017904537246274093
0.38634461423393684, -0.01593415950761039
0.3869636214978, -0.01380674761959777
0.3876218942122115, -0.011542766474407582
0.38831389304461844, -0.0091710685858085
0.38903536845261616, -0.006729161380886492
0.38977790891915276, -0.004261765170731272
0.3905289728312892, -0.0017562674074361154
0.39128313975769924, 0.000769120234751312
0.39203270404475005, 0.0032619872314924546
0.3927732886795417, 0.005667363891449892
0.3934801515679501, 0.007902340727230225
0.3941478745640208, 0.009955777601699578
0.3947716248339981, 0.011826346862566181
0.39534852351732, 0.013466954612059967
0.39587137258207433, 0.01487161298430924
0.39634574181763893, 0.016088016584934417
0.3967692307715815, 0.017156381177877458
0.3971404566819019, 0.018104264085939795
0.39745913089746504, 0.018947557606855178
0.3977258700636858, 0.01969233248246999
0.3979420783024092, 0.020337975434851205
0.39811068691896945, 0.02088326506119194
0.3982351735525638, 0.021328071185710208
0.39832007152283816, 0.0216746822470606
0.3983717514352259, 0.021933936278047336
0.39840032943463266, 0.022127316692486212
0.3984175805380517, 0.022281908747396214
0.39894315915784645, 0.02092783234536935
0.39882413825618346, 0.021372145203139858
0.39867594015460567, 0.02183265288465988
0.39854069337175185, 0.02220659683115958
0.3984407652014778, 0.022445058656367815
0.3983786232039696, 0.02255094867091505
0.3983476629236006, 0.02256237097965878
0.3983390344474446, 0.02252614122645267
0.3983404895430805, 0.02247606637050572
0.39834057774018816, 0.02243802709296802
0.39833188844190665, 0.02243059166993414
0.3983113132285313, 0.022445036264626586
0.3982895107296028, 0.022444187169813813
0.3982796034335683, 0.02241738277037423
0.39828157424987903, 0.02234868660805839
0.3982821453123791, 0.022241536388872087
0.3982739557289797, 0.0221180271022755
0.3984445580218164, 0.022263130648920583
0.39854222340259843, 0.0220390350533432
0.39876726032650844, 0.021777820841985387
0.3990424541758318, 0.02153430563971814
0.399307808273127, 0.021248446282245707
0.39953445392948067, 0.02086760135069702
0.3997157787035677, 0.020380712578067832
0.3998633350552949, 0.01974696993803231
0.3999892452074133, 0.018937113885108697
0.40010377704367456, 0.01793235961601908
0.40021830452369705, 0.016725133526218967
0.40034211576844747, 0.015319683952548945
0.40048192617280104, 0.013730348228007418
0.4006415236156029, 0.011978102895346765
0.40082106916747295, 0.010088203823016775
0.4010200876012435, 0.008088652374146117
0.40123721189217104, 0.006009332690199638
0.4014648153933136, 0.0039032474872270555
0.40169846942387155, 0.0017603103601678278
0.40193943047093245, -0.0003438349992487049
0.40217531753919955, -0.0023785376935125013
0.40240204439258576, -0.004349214307509516
0.4026182491441653, -0.006256010499079967
0.4028214970356258, -0.0080889374384991
0.4029646001507719, -0.009904854277335976
0.4030591143469039, -0.011711418300627557
0.4031328826752884, -0.013472572297916364
0.40320402067029254, -0.01514143590753719
0.40328153475108014, -0.0166762492218079
0.4033573655726689, -0.018045552837094577
0.40338262973212674, -0.01919427148426857
0.403381396864528, -0.020120696289074265
0.403378466361521, -0.020858489186381873
0.4033864924650229, -0.0214437337567009
0.40340899139092373, -0.02190779300457776
0.40344354729121573, -0.022273300231051098
0.40348448628237105, -0.02255314404187639
0.40352562297497857, -0.02275652907697299
0.4035623532571646, -0.0228955375604294
0.4035793762598844, -0.022989197090239857
0.40483552019958324, -0.023217696454037717
0.4044695313540956, -0.02315643068735949
0.40396895126521787, -0.023036589240296213
0.4034732161208333, -0.022922768405520023
0.40306393765055804, -0.022836346957569177
0.40277697843490873, -0.02277688782353942
0.4026363158226431, -0.022749740567982592
0.40267870892318813, -0.022777925341096548
0.40281058554019233, -0.022804184621401866
0.402923471189458, -0.022784481268051035
0.4030571359360449, -0.02276475782542541
0.40318651170605985, -0.02273654067347063
0.40328939591590657, -0.02269713502279688
0.4033565019756672, -0.022645257081440374
0.40338897520835776, -0.02256574208318631
0.40338644544696567, -0.022450442065039555
0.403355376267254, -0.022302913998868967
0.4032986307621447, -0.021931210731076286
0.403260589637188, -0.021750153878676914
0.40341832120717014, -0.021580226215628606
0.40369318569241636, -0.021411464885574303
0.40402382050132807, -0.02120623378700834
0.40437705035540766, -0.020924252117045256
0.4047418829367427, -0.020531488964041854
0.4051225849962827, -0.02000642398139875
0.4055311012265606, -0.019338105811624828
0.4059833247958759, -0.018521675904189083
0.4064951734902904, -0.017553097992311233
0.40707800391957794, -0.016433958514933115
0.4077373841231416, -0.015172407323740747
0.40847313702584404, -0.01378171052709992
0.40927996234418623, -0.012278537757568535
0.410147671034965, -0.010680688045225739
0.4110635783587521, -0.009003001334771542
0.41197796260510056, -0.007247646724843216
0.41287258594960635, -0.005443897952385251
0.41376588309912116, -0.0036186970979851804
0.4146683460197138, -0.0017551885014616226
0.4155815415672082, 0.00013651985660224715
0.4164997502820262, 0.002028678780265747
0.4174124351717808, 0.003885784289996331
0.41830774191988657, 0.0056531852309042365
0.41916962257460394, 0.007314900694202488
0.41998730371450615, 0.008855935511007206
0.4207456053726819, 0.010191556446613216
0.421434605042832, 0.011327297042657704
0.42204933233436515, 0.012285218007901746
0.4225795114286783, 0.013092082482791723
0.42296673195770396, 0.013762053315625081
0.4232421154842975, 0.014359907268235429
0.4234476989635908, 0.014915942088212727
0.4236079780451667, 0.015421907403374409
0.4237348011956951, 0.015859858667790404
0.4238336111463568, 0.01621388724626033
0.423907284070296, 0.016478100538433144
0.4239601482575253, 0.016655739346896774
0.42399803475900477, 0.01676395424906191
0.42413778741880487, 0.015910614419676485
0.42416745596986566, 0.01605427489999966
0.42418797261396884, 0.016235812380872416
0.4241944465482781, 0.016415540100908906
0.42417917343920514, 0.016578090929419812
0.4241439057528336, 0.016712410713798077
0.424102233766106, 0.016803794494382275
0.42406514175342996, 0.016855353665226662
0.4240384257826944, 0.016876684374054873
0.4240239621795975, 0.01687716961370723
0.4240240728079572, 0.016863107470591124
0.4240316916196688, 0.0168431066042387
0.4240498910191563, 0.016807699112944396
0.42408129123226784, 0.016747933115505112
0.4241240024998022, 0.016654339807232025
0.42416431924101555, 0.016536735224811146
0.42419375872869164, 0.016403446127959704
0.4242158114006413, 0.01661360882741868
0.4241705623209439, 0.01648648940532971
0.42427026919265337, 0.01632142996560631
0.4245070343326941, 0.01612170054301129
0.4248739693612304, 0.015881548077134964
0.42536868307973674, 0.015589284831727727
0.4259953681058936, 0.015225478014366795
0.4267625572046673, 0.014759381404095427
0.4276799427314683, 0.014162505627920088
0.4287591704713629, 0.013416163747683035
0.4300116366444764, 0.012514337380687102
0.43144229243797644, 0.011467124283038675
0.4330455852644578, 0.010288904034839171
0.4348103219791441, 0.008996488468128172
0.43672155169990134, 0.007607561938366478
0.43876345716546034, 0.006163607987210071
0.44090981572705834, 0.004676983278203629
0.44312844214540487, 0.003196907491731619
0.44539718655585403, 0.0017055859546402064
0.4476958569040315, 0.00018373213987877152
0.4500054366916443, -0.0013762219459193688
0.4523079212369939, -0.0029708633010706907
0.4545842146298124, -0.004587457390557646
0.4568163756470369, -0.006202960028661299
0.45899239030558103, -0.007766115911903134
0.46105048993193204, -0.009299237577621213
0.4629386304590181, -0.010802723901945688
0.46468042025813117, -0.012246140005800585
0.4662894914199868, -0.01358563682346386
0.46772229833655854, -0.01478194672546311
0.46890702984613375, -0.015788120535560023
0.46991462270071793, -0.016627780010148883
0.47078354891843566, -0.017347944849311268
0.4715103492261106, -0.017962401703961916
0.4719655633878318, -0.01846241861141053
0.4721906772430889, -0.01883617669586605
0.4722852435474044, -0.019039062167252853
0.47232031897445476, -0.01909566195853149
0.4723320588451273, -0.01909440115401616
0.47233964119549465, -0.01908345856988106
0.4721411021250841, -0.019274932747572776
0.47205270108320196, -0.01901998676210131
0.471821807346719, -0.01856419305967398
0.47147518064681193, -0.018065386602817042
0.47106241743862837, -0.017625891107018433
0.470771649952831, -0.01732635378171699
0.47064859072418436, -0.01711857117476766
0.4706610815153308, -0.016949283292928656
0.4707533910883801, -0.016796736665380712
0.47074562749006943, -0.016647741815992767
0.47072321904268694, -0.01654249269357222
0.47067546533985677, -0.016473122448286023
0.47061764145948304, -0.01643171147758111
0.4705586997555002, -0.01639790354653045
0.47050874657951014, -0.016357154465098302
0.4704765127872636, -0.016301355202379623
0.4704603129786945, -0.016214743076357223
0.4704406532642143, -0.01609197920007648
0.4704342086022769, -0.01593616057078008
0.47047519330343124, -0.015745141992453197
0.4704946743996151, -0.01555691577286511
0.47044446732737355, -0.01545995063872567
0.47053312267725883, -0.015316086792703023
0.47076127169850895, -0.015181403680439302
0.4710610827850799, -0.01504649766163266
0.4714336659769834, -0.0148545515909146
0.4718908238036316, -0.014558852713236944
0.4724503652797105, -0.01412759244451119
0.47313066355061717, -0.01354198556415887
0.47394545964015095, -0.012792289834755709
0.4749034164166374, -0.011870617559983228
0.4760098542626001, -0.010772955552536413
0.4772644996258372, -0.009503861835841128
0.4786633901710005, -0.008084297458512649
0.48019454485444146, -0.006540872909098851
0.48184572704320705, -0.0048527243699797735
0.4836053412374192, -0.003030279326502455
0.48545866937564003, -0.0011111042485167295
0.4873837716347808, 0.000862491491968761
0.4893593226516961, 0.0028553444647140673
0.49136720809460854, 0.004849673200176819
0.4933898963441822, 0.006824419018269158
0.4954231837742532, 0.008667921893775514
0.4974360960526336, 0.01032542109887341
0.49939663380108684, 0.01187348551873537
0.5012787494960113, 0.01336776566646806
0.5030647533640653, 0.014831236652109692
0.5047408600286901, 0.016266481942646766
0.5062978758541623, 0.017656231352218284
0.507701197776369, 0.018952383351331935
0.5089532859022623, 0.02014206510111736
0.5100609807428534, 0.021219359062550527
0.5110267162641298, 0.022177840069406624
0.5118506310819445, 0.023011184355747918
0.5125327101931353, 0.02371453868815584
0.5130749972651507, 0.024286230992453035
0.5134833570104885, 0.024728982696452056
0.5137236458537494, 0.02504158348059072
0.5137802188846069, 0.0252489331567545
0.5137364769547232, 0.025387327190890596
0.5136580269574734, 0.02548020511653926
0.5134139911839384, 0.0247840330356725
0.5133661177225071, 0.024889226854561308
0.5133497076943253, 0.025055516536934115
0.5133656299463172, 0.02526546715774569
0.5134075097579044, 0.02549272436906879
0.5134666068500822, 0.025713235913709536
0.5135288183542854, 0.025902387760945965
0.5135824975105463, 0.026039790261990853
0.5136219573620631, 0.02611233425727662
0.5136458424567572, 0.026117210762102747
0.5136511686765338, 0.02607878256863626
0.51363986838134, 0.026013615081009703
0.5136208306183255, 0.02591759934635758
0.5135968995254128, 0.02577846704293118
0.5135660393665998, 0.025615982228467747
0.5135231243906018, 0.025445855511974685
0.51346802354368, 0.02525585688284683
0.5134137152628927, 0.025054178024231842
0.5133697903264004, 0.024859073752585278
0.5133871092270544, 0.024664173803264272
0.5136461155164518, 0.024350876517605386
0.5140727348949575, 0.02401223728342703
0.5144558176249925, 0.02368040752224415
0.5146614997299326, 0.02333070215577021
0.5146244596764006, 0.0229093148611933
0.5143271208151428, 0.02237107685439665
0.5137759304861101, 0.021682295853583597
0.5129904062254728, 0.020817439250317052
0.5119984048771566, 0.019763472787923873
0.5108279309313422, 0.018518801026421765
0.509555197344167, 0.017098392441541783
0.5082023286783894, 0.01550215365252315
0.5067406238910875, 0.013740554772314558
0.5051552739977768, 0.011830390276822157
0.5034483829927436, 0.00981860456492457
0.5016313570794823, 0.007777046210269903
0.4997680146860669, 0.005720417415415132
0.49787442121827685, 0.0035878291788016595
0.4959533359795339, 0.001362304978403014
0.4940143422244292, -0.0009377297032074939
0.49207345591662766, -0.003266953874418727
0.49015188325463366, -0.005485098281612061
0.4883078259926155, -0.007562866841953724
0.48662196478700165, -0.009520633562906264
0.4850472754724613, -0.011403539882341397
0.48355670599319633, -0.013222809464063333
0.4821441421568033, -0.01496307328168066
0.4808168382793325, -0.016594368896458992
0.4795888377876405, -0.018082991448469775
0.47847590277671664, -0.01939957940064652
0.47749202664884666, -0.020523949058791142
0.4766926144093575, -0.021443399648563833
0.4761196786919119, -0.022172913503936666
0.475697688757966, -0.0227059177547533
0.47538216247901155, -0.023052930207369985
0.4751480932580711, -0.023254239428575456
0.47498263027460813, -0.023344875997550436
0.47487523964261386, -0.023363947087603656
0.47481258254787095, -0.023352633218270892
0.47528400050546943, -0.02322445108291591
0.47520548593938733, -0.02316208103625579
0.4750194752549352, -0.023105512481347974
0.47483753779990173, -0.023073249699275107
0.4747143503290351, -0.023063287573070888
0.4746425484439204, -0.02307261862545724
0.4746121492535346, -0.023092692924735286
0.4746097782181692, -0.02311419778707219
0.474626027904371, -0.02312277706811121
0.47465519878083406, -0.023116047462584416
0.47469270133351826, -0.023093750922295764
0.4747330819634675, -0.023056085660765727
0.474769163433448, -0.023004871908675
0.4747941135601365, -0.02295436322141503
0.4748098562110713, -0.02291139330118704
0.4748159092109178, -0.022876367307566054
0.4748152169006433, -0.022843834588480934
0.4747778481032257, -0.022838364543465065
0.47500226531470546, -0.022725573101764134
0.47545005401899976, -0.02255139592600242
0.4759718129419945, -0.0223324726382645
0.4764819215894365, -0.022064236795526652
0.4769434033687353, -0.021733035998063883
0.4773538564683338, -0.02132196094992317
0.4777309332662206, -0.020808200376589862
0.47801588696077274, -0.0201623315260143
0.4782108500246002, -0.01938099790328152
0.4784227163918538, -0.018457435836811864
0.47872105034538737, -0.017396048617719168
0.4791405498022224, -0.016207317616908433
0.4796882445706778, -0.014904211661121837
0.48035257810189363, -0.013502386117387775
0.4811124336346978, -0.012018456092565247
0.4819441615338767, -0.010469281876610401
0.4828238725059531, -0.008871768844623708
0.48373085878991307, -0.007241778282614419
0.4846484953653542, -0.0055940633289263365
0.4855695657323602, -0.0039717799797514535
0.48648061970691964, -0.002387879868097767
0.4873518047760313, -0.000816968631619165
0.48813178023883375, 0.0007464313606538617
0.4888463605351443, 0.0022836477953810876
0.4895192387618664, 0.003770706408006318
0.49016274894386647, 0.005182492340664863
0.49078225189096475, 0.0064721856989125364
0.4913815811806024, 0.007566006405678323
0.49192656328376727, 0.008498460610983924
0.49241707802918394, 0.009277357335666665
0.4928516905242227, 0.009943465162549776
0.49322689310833073, 0.010523365232947767
0.49353970711668466, 0.011025837461433576
0.4937896082104919, 0.01145097102891017
0.49397940405558466, 0.01179683463430287
0.4941156547646038, 0.012066028325631669
0.49420784985513555, 0.012268180255278845
0.49426544375745374, 0.012414091997890304
0.49429833056636224, 0.012518731538256346
0.49383015751716614, 0.012993914963057632
0.4938950789485653, 0.012974212498769675
0.4939722905742843, 0.012878514760284137
0.49403038602623534, 0.012751609917323728
0.4940490636898556, 0.012632974849973923
0.4940309108461437, 0.01254618768583949
0.4940492081645066, 0.01247969450955362
0.4940971428751779, 0.012429953068018793
0.4941539351847607, 0.012397797582786708
0.4942059151262114, 0.012382170430618896
0.494246004113349, 0.012380212771115083
0.49427310398509827, 0.012388371972227018
0.49429053199388884, 0.01240318118620448
0.49430130271533623, 0.01242062154277192
0.4943047680938577, 0.012431812048544799
0.49430121655905745, 0.012428768090635452
0.49429629833093847, 0.01241889016927392
0.4942936859938953, 0.012407763263087068
0.49429498332931304, 0.012398045999899123
0.49430036818342743, 0.012390614026104654
0.4943092380945329, 0.01238532248226541
0.4943206938684353, 0.01238153960336377
0.4943404708279762, 0.012378233855188828
0.4943971986066241, 0.012370742664494994
0.4944538238079007, 0.01236070840649054
0.4945082013281256, 0.012348482572517212
0.49455205125229157, 0.012329966498673172
0.49457905845909217, 0.012309071897355433
0.4945843152604045, 0.01228881736383139
0.4945750052295395, 0.012272517103547006
0.4945589025374892, 0.0122613714700202
0.4945429950568886, 0.012254679561729466
0.4945322005620188, 0.012250662059651848
0.49452891312996117, 0.012247410165259388
0.4945074582808416, 0.012279984485661368
0.4946521206224775, 0.012192327656616594
0.49492512862797977, 0.012036047751779171
0.4952969230649592, 0.011828622164110238
0.4957615864553818, 0.011572218818612775
0.4963296359408864, 0.011258491891051176
0.4970198753038689, 0.010872922793127413
0.4978528775198487, 0.010408871976726743
0.4988476064592996, 0.009856084443175353
0.5000162463119037, 0.00917090593833636
0.5013645365637961, 0.008337399399047424
0.502891238256947, 0.007358762629296347
0.5045896245554795, 0.0062499418831621495
0.5064495874644803, 0.005037412913816977
0.5084560834502456, 0.0038165603280969195
0.5105841635845144, 0.002579055424654549
0.5128119880515887, 0.0012912420879358643
0.5151181793685045, -6.517260542768794e-05
0.5174817381065022, -0.001493561352762038
0.5198819967051564, -0.0029846427894734758
0.5222973223172258, -0.004514100698392759
0.5246928449851083, -0.006020252840138003
0.5269769854964997, -0.007495141153439282
0.5291733991596826, -0.008949857914051734
0.531306148213752, -0.010379999686441444
0.5333637185005281, -0.01176229093372384
0.535243218740372, -0.013073747035460525
0.536940838869957, -0.014297727846493273
0.5384865052078468, -0.015406622285894817
0.539893064253192, -0.016386038833109903
0.5411617868149577, -0.017231638852483924
0.5422274689869371, -0.017946039224178142
0.5430622845581262, -0.01854230832166139
0.5437178558123907, -0.01902764234537126
0.5442267023969187, -0.01941939417486386
0.5446143520497395, -0.019728718689340143
0.5448994733012373, -0.019961942342408626
0.5450970839595821, -0.020125703104741127
0.5452241695582913, -0.020231085874349602
0.5453039396516598, -0.02029530880821069
0.5454970830979118, -0.020746725085173483
0.5452487377346426, -0.02035364339460345
0.5448396098731085, -0.019750373377986144
0.5443943602774587, -0.019121978474683225
0.5439958068715072, -0.01859983877642913
0.543693708321828, -0.018244554360652417
0.5435073333756788, -0.01805854144252139
0.5434185008740118, -0.017988298666568522
0.5433801319901114, -0.01798499197307507
0.5433579951018058, -0.017982823921994694
0.5433570862219692, -0.01796172072622885
0.5433630228465858, -0.017917500358178958
0.5433644300473023, -0.01785448780221503
0.5433493863897264, -0.017765412067855948
0.54331312508274, -0.017654043867758908
0.5432572113617969, -0.017531139845826188
0.5432351538899057, -0.017412193977683007
0.5432136726160842, -0.017333425813017677
0.5434419650849074, -0.01705383895542913
0.5438289240366264, -0.01672946362215019
0.5442602270618466, -0.016362788428427283
0.5445952435769235, -0.015941539703564534
0.544883362165978, -0.015435936668516507
0.545187380596898, -0.014818309360544955
0.5455597898261818, -0.014065748871199124
0.5460390405863874, -0.013160628047444582
0.5466487187472494, -0.012093012017135323
0.5473946604761533, -0.010860615067009178
0.5482713821880832, -0.009464969897148059
0.5492689598810868, -0.007911418024753054
0.5503763617926691, -0.006234763489724457
0.5515745028000494, -0.004538770746413651
0.5528464240508136, -0.0027969548596354227
0.5541404530755505, -0.0009584400157514171
0.5554485385155864, 0.0009928277405924966
0.5567768194089135, 0.0030423368907476793
0.5581259245536869, 0.00516221666216365
0.5594906830830898, 0.007313654866373074
0.5608606296656725, 0.009422939532538884
0.5622209309330999, 0.011483145154424413
0.5635574773523886, 0.013494603552646312
0.5648539546191907, 0.015446221180183314
0.5660950607374667, 0.017319491268830367
0.5672660251038298, 0.019092901725981246
0.5683547019013216, 0.020745931646641406
0.5693518664092488, 0.0222605356038001
0.5702506687045904, 0.02362262649681403
0.5710552687289474, 0.024791028437236726
0.5717627716772954, 0.025753240018380755
0.5723674848456402, 0.026538478905532927
0.5728653097077034, 0.02717139428445529
0.57325701503692, 0.027675387430312247
0.5735494759646047, 0.028080152560127202
0.5737476588851302, 0.028415970408644072
0.5738618895927476, 0.028668725444716023
0.5739136603260013, 0.028840465502625534
0.5739337706069993, 0.028917385613846085
0.5740647362690057, 0.02899983405594404
0.5734946012935253, 0.028595729711362906
0.5727083292582102, 0.028043757130226412
0.5719270160629909, 0.027499790268174742
0.5712866766518618, 0.027056699986492853
0.5708425987179697, 0.02675780625031154
0.5705908534524109, 0.026603617017842984
0.5704898010267478, 0.02656118742321094
0.5704860770411802, 0.026570983710043124
0.5705123736488666, 0.026563977629482174
0.5705479749126888, 0.026533847651556086
0.570582356144122, 0.026488558701672472
0.5706083379049608, 0.02643814600350506
0.5706187330686856, 0.02638273547406013
0.5706166763843412, 0.026321830290030178
0.570606045087692, 0.026258555369962085
0.5704522745691647, 0.0262027820983291
0.5703176099420354, 0.026172930805303106
0.5703848201804509, 0.02609125579312919
0.5705458378974048, 0.025969736165890496
0.5707135720576659, 0.02582225347642766
0.5708387098324614, 0.025640416698374576
0.5708989684478699, 0.02539775673060115
0.5708804326546069, 0.025070176203324104
0.5707747161416127, 0.024644343528771137
0.5705869531685412, 0.024112462673367
0.5703323513603633, 0.023471544334419073
0.570025235853069, 0.022725276335427317
0.569676621823775, 0.021881039976615207
0.5692934114258368, 0.020947134889214077
0.568880632869023, 0.019933143184306796
0.5684433491952422, 0.01884977882949519
0.5679858484784353, 0.01770785773974699
0.5675124332989939, 0.01652022347182056
0.5670277476740692, 0.015299735851691311
0.5665361295895811, 0.014058432707464841
0.5660415964086978, 0.012807833192339293
0.5655480129091133, 0.01155918797323605
0.5650592723311343, 0.010323641153090706
0.5645794148709492, 0.009112283637851245
0.564112312351555, 0.007937445531649894
0.5636591826244348, 0.006867203675208198
0.5632221319632802, 0.005908619871964779
0.5628055901591125, 0.005068933171553241
0.5624206078610579, 0.004318687117312858
0.5620736701317954, 0.003622528415617882
0.5617692941298149, 0.0029676953631081406
0.561508613930949, 0.0023572708051148644
0.561290392315744, 0.0018031283671788507
0.5611120358808713, 0.001319175191161359
0.5609683382090063, 0.0009155351226778793
0.5608566233095038, 0.0005976830535690063
0.5607737170336833, 0.00036557579575557307
0.56071263828226, 0.00021284995109292494
0.5606679853975464, 0.00012528046598950926
0.5606357908823271, 8.407173700465545e-05
0.5606112680696854, 6.533214198307191e-05
0.5606127427345703, 5.155013310102914e-05
0.5606417743138613, 3.182806233918588e-05
0.5606819510750802, 8.581313470146485e-06
0.5607214831053604, -1.2987076039012751e-05
0.5607531457760552, -3.0436785693177912e-05
0.5607736474185931, -4.317300762903815e-05
0.5607826261001891, -5.157653405964118e-05
0.5607815107628232, -5.63868357506362e-05
0.5607725751070253, -5.832170921189645e-05
0.5607592129295401, -5.704562863862048e-05
0.5607447447297434, -5.378291759192958e-05
0.5607306683320122, -4.935821017650765e-05
0.5607168186421088, -4.428119307242534e-05
0.5607021740711784, -3.921370742382648e-05
0.5606862588450691, -3.437803464452952e-05
0.5606687253052798, -2.9801596607977663e-05
0.560649446729946, -2.5458259984588348e-05
0.5606284159799882, -2.131128583595711e-05
0.5606058576289723, -1.7323733605495738e-05
0.5605819883903014, -1.3474199221513137e-05
0.5605570971438203, -9.747935437401457e-06
0.5605314973791077, -6.136813440928456e-06
0.560505507030798, -2.6387557291378363e-06
0.5604794367319845, 7.434157897932914e-07
0.5604535828391657, 4.003169303910532e-06
0.5604282235088193, 7.131412288066489e-06
0.5604036163845241, 1.0116524700709545e-05
0.5603799962825089, 1.2900992471277452e-05
0.5603575717669558, 1.538102253912757e-05
0.5603365243851136, 1.7327261112350707e-05
0.5603170014049843, 1.8548084317096856e-05
0.5602991189217156, 1.8999717750464564e-05
0.560282964902462, 1.8764017743914294e-05
0.5602685912309325, 1.805201934499512e-05
0.5602560054427532, 1.7111355767389777e-05
0.5602451638384388, 1.616527852975226e-05
0.5602359647802516, 1.5381405459120167e-05
0.5602282425901349, 1.4858626943142745e-05
0.5602217622325597, 1.4625440814011449e-05
0.5602162146990844, 1.464517337984666e-05
0.5602113008830002, 1.4847107942718103e-05
0.5602069736712239, 1.5203722328899942e-05
0.5602031003757809, 1.5747880003308162e-05
0.5601995546268579, 1.6512623432847956e-05
0.5601962591100539, 1.749474917564942e-05
0.5601931756742003, 1.8659442378442697e-05
0.5601902900163686, 1.9953516937430372e-05
0.5601875993596866, 2.1317927429309412e-05
0.5601851043035185, 2.2696977476787738e-05
0.5601828042926166, 2.404395837622683e-05
0.5601806957232898, 2.5323759504471106e-05
0.5601787929224501, 2.651917792860018e-05
0.5601770430931116, 2.760559160697638e-05
0.5601754572641404, 2.858582176011886e-05
0.5601740234431433, 2.9463183487723746e-05
0.5601727296299116, 3.024536291440564e-05
0.5601715643465064, 3.0942513143945524e-05
0.5601705169094713, 3.156572416903769e-05
0.5601695775267762, 3.212590347402509e-05
0.5601687372951882, 3.263218519955651e-05
0.5601679882351939, 3.307781328385089e-05
0.5601673226936618, 3.345393682056402e-05
0.5601667333517231, 3.376356463800478e-05
0.5601662136784423, 3.4015134117137405e-05
0.5601657579565312, 3.421836743517376e-05
0.5601653611249187, 3.438238658974004e-05
0.5601650186057758, 3.4515035934114446e-05
0.5601647261732157, 3.462277001382221e-05
0.5601644798722276, 3.4710773366487716e-05
0.5601642759780447, 3.478315403846888e-05
0.5601641109884203, 3.484231898060388e-05
0.560163981918824, 3.488502237886484e-05
0.5601638862615885, 3.491128243866195e-05
0.5601638213998905, 3.4923762292582604e-05
0.5601637972542002, 3.493065081780593e-05
0.5601637858822317, 3.4923087955720416e-05
0.5601638005300911, 3.4909565701218265e-05
0.560163832975008, 3.48888632089787e-05
0.5601638839346975, 3.486315757784446e-05
0.5601639512695793, 3.48303290825493e-05
0.5601640330358767, 3.478664029905714e-05
0.5601641275878718, 3.473141437621475e-05
0.5601642185247289, 3.465985363751031e-05
0.5601642260955536, 3.452829406606493e-05
0.5601641330630064, 3.4324480186899675e-05
0.5601639520261922, 3.405630466918916e-05
0.5601637027183038, 3.373375771653413e-05
0.56016340548139, 3.336628796499462e-05
0.5601630777794235, 3.2962140718605205e-05
0.5601627327837126, 3.2528280659320035e-05
0.5601623793079047, 3.2070502746906764e-05
0.5601620224811308, 3.159359063312738e-05
0.5601616647082956, 3.1101474176649354e-05
0.5601613066275873, 3.0597371261004075e-05
0.5601609479097055, 3.008391082778136e-05
0.5601605878411577, 2.9563237784357025e-05
0.5601602256960497, 2.9037101460867414e-05
0.5601598609334405, 2.8506929472388322e-05
0.5601594932688038, 2.79738888063407e-05
0.5601591226663227, 2.743893587416207e-05
0.5601587492901197, 2.6902857168325727e-05
0.560158373441617, 2.6366302046758784e-05
0.5601579954999194, 2.5829809020939125e-05
0.5601576158737838, 2.529382676163554e-05
0.560157234967874, 2.475873086049176e-05
0.5601568531623998, 2.4224837216650855e-05
0.5601564708034472, 2.3692412754996458e-05
0.5601560882007938, 2.3161684041276022e-05
0.5601557056302539, 2.2632844240762784e-05
0.5601553233382086, 2.2106058764272695e-05
0.5601549415466995, 2.158146987114166e-05
0.5601545604581136, 2.105920043585406e-05
0.5601541802589989, 2.053935703938498e-05
0.5601538011228959, 2.002203251204853e-05
0.5601534232122848, 1.9507308029086936e-05
0.5601530466798333, 1.8995254838334913e-05
0.560152671669159, 1.8485935688064326e-05
0.5601522983152966, 1.7979406007335653e-05
0.5601519267450088, 1.7475714883603457e-05
0.560151557077044, 1.6974905875419006e-05
0.5601511894223971, 1.6477017689124876e-05
0.5601508238845949, 1.5982084745043896e-05
0.5601504605600204, 1.549013765349183e-05
0.5601500995382593, 1.5001203617525807e-05
0.5601497409024656, 1.4515306774772617e-05
0.5601493847297296, 1.4032468490659734e-05
0.5601490310914384, 1.355270761039123e-05
0.5601486800536237, 1.3076040677868754e-05
0.5601483316772903, 1.260248212672283e-05
0.5601479860187228, 1.2132044448065815e-05
0.5601476431297738, 1.1664738338823976e-05
0.5601473033865864, 1.1200800447360071e-05
0.560146967810269, 1.0741140494960381e-05
0.560146640268136, 1.0289412209236096e-05
0.5601463095698652, 9.835415895327344e-06
0.5601459818348182, 9.384563377431981e-06
0.5601456569605933, 8.936784503448588e-06
0.5601453341163877, 8.492663045567059e-06
0.5601450024803036, 8.067844439603636e-06
0.5601446565000963, 7.674705750604689e-06
0.5601442969959836, 7.311768707124774e-06
0.5601439265357466, 6.9752703442592395e-06
0.5601435482113661, 6.661421348426903e-06
0.5601431649260232, 6.36686435202124e-06
0.5601427790411788, 6.0887483427770715e-06
0.5601423922732337, 5.824694243811343e-06
0.5601420057407606, 5.5727317076428836e-06
0.5601416146688221, 5.326636969886652e-06
0.5601412376946816, 5.100573535920963e-06
0.5601408529370718, 4.875059685388565e-06
0.560140466259384, 4.653806034772843e-06
0.5601400932421289, 4.449369491689757e-06
0.5601397133814018, 4.2440782541272115e-06
0.5601393362959513, 4.045342124264764e-06
0.560138959682731, 3.850919104081363e-06
0.5601385842635206, 3.6608705426945234e-06
0.560138210007065, 3.4748310419800857e-06
0.5601378369575694, 3.292537152913785e-06
0.560137465203918, 3.1137827878472706e-06
0.5601370948549088, 2.9383987671151304e-06
