-0.0006322237506500355, 4.012301971360927e-05
-0.0007061773272511732, 8.383695279831762e-07
-0.0007340245907492184, -2.5519143270265274e-05
-0.0007667787034991374, -6.551071301951233e-05
-0.0008423973738684534, -6.669846583094213e-05
-0.0009224067696550753, -0.00010668003545585019
-0.0010106594686956248, -0.0002576308001283561
-0.0011708775520938549, -0.000515524002581634
-0.0013922045573060147, -0.0008784775201147316
-0.0016460430845404738, -0.0013127809309533623
-0.0019878537394333296, -0.0018447183479993405
-0.002482744284595667, -0.002484548624060354
-0.0032032694530540443, -0.003216493753611608
-0.004035023784312359, -0.004045766799566949
-0.004832092124868772, -0.00498063996879182
-0.005702360715841596, -0.005987315759915873
-0.006627878137796725, -0.007031102464578084
-0.007507117803243571, -0.008127194087274595
-0.008445156822946146, -0.009236664625012435
-0.009339276900613858, -0.01036243884546196
-0.01025770818185159, -0.011481581746248873
-0.011127907198004564, -0.012590828081011694
-0.011991513731334487, -0.013668728776020385
-0.012812161406216304, -0.0147151427483165
-0.013595189219781695, -0.015715514645519353
-0.014343541178969943, -0.016665884422197342
-0.015050488265396383, -0.017558407339772736
-0.015708715250079313, -0.018387763137324136
-0.016328388941924534, -0.019142390306568776
-0.016891174751440655, -0.01981810461873626
-0.01739480775441737, -0.020410498004979474
-0.017836064761313886, -0.020917396175586803
-0.018212072713947564, -0.021338741712275726
-0.018521362918071164, -0.021676580533459097
-0.018764397190857065, -0.02193519421016096
-0.018944375935701977, -0.02212252079409674
-0.019070977500525627, -0.022248668349553215
-0.019154500913828688, -0.022324620526940207
-0.01920701949406076, -0.02236760960271872
-0.019241870124227997, -0.022394399275467405
-0.019225702112388443, -0.022347568868303164
-0.019117248473248364, -0.02209708666931893
-0.01902523984765464, -0.02177395564967804
-0.018994146896530572, -0.021474867581976358
-0.019009223658893227, -0.02124895983779212
-0.018860959479216875, -0.021075636372569498
-0.018631428638338155, -0.020947800659938974
-0.018391552127826703, -0.02087092482155039
-0.018186695742325416, -0.02083924639568869
-0.018038877818159896, -0.020839796207445978
-0.017965137684742317, -0.020859483900711105
-0.018099597141270747, -0.02091910475300472
-0.01820742810136705, -0.020977725253929356
-0.018216979077572575, -0.021001894882934278
-0.018173060337822244, -0.0210003289609933
-0.018107125236785176, -0.020983538496682774
-0.018081549566418942, -0.020969735534609266
-0.01804345665604333, -0.020949573686068604
-0.01799275792393767, -0.020924856439927277
-0.017957595743594658, -0.02090469634833827
-0.01792120044350221, -0.020888141732937456
-0.017884081555770318, -0.020876045354367784
-0.017850982726074223, -0.02086768540548944
-0.017825144690562046, -0.020856198486619595
-0.017807099608336315, -0.020835389603895308
-0.017795631284236686, -0.02080212297265577
-0.01778879357612474, -0.020756663286156607
-0.017785022266172883, -0.020705870386359043
-0.0177835472297863, -0.020658897764068783
-0.01778391867283552, -0.02062160614312942
-0.01778586714014544, -0.020595896339875887
-0.017789216244814342, -0.020580924974601372
-0.017793851287185327, -0.020574448563612544
-0.017799695813257597, -0.020575118157941125
-0.01780672464843533, -0.02058155675981464
-0.01781482087938871, -0.02059184216869721
-0.017823804573258956, -0.020604295799166842
-0.01783346703583908, -0.02061768163206763
-0.017843599820258106, -0.020631238748300012
-0.017854013732202367, -0.0206446170903856
-0.018047063284125673, -0.020653074987867732
-0.018153361501314948, -0.02061247537160355
-0.01808076493830577, -0.020487883023130794
-0.01785747130835969, -0.02030622316805059
-0.017485357650425314, -0.02010572177219506
-0.016936650763422524, -0.019906649727730926
-0.01626802852993812, -0.01972087746623338
-0.015467545160868712, -0.019532557301372214
-0.014458577393162557, -0.01925297115123365
-0.013209433418732274, -0.01887748964835691
-0.011697660588523298, -0.01841819028312969
-0.00992424414284879, -0.01788805978151424
-0.007906414296635958, -0.017299308154038438
-0.005670751044388888, -0.016662035786261364
-0.003277773971057804, -0.015974230734996233
-0.0008152302846270253, -0.01521621340287432
0.0017571630683766081, -0.014406246581876692
0.004453904000203909, -0.013561996709467184
0.007265696700183236, -0.012698798736810384
0.010096544893940221, -0.011842523325637549
0.012915922771010948, -0.011008970822050686
0.015731993148628207, -0.01019911233064509
0.018533629030512998, -0.009412552735845535
0.02131332896010423, -0.008645161216175899
0.02400918800048722, -0.007908399139929892
0.026631370331631817, -0.0071970121008435445
0.02910347608274633, -0.006556861941163633
0.031399341405485025, -0.006051583324825286
0.03352724374576341, -0.005615735217906971
0.03549200200864503, -0.005174440754440771
0.0372497786342141, -0.004660080904019774
0.03875142753012412, -0.004099829535439326
0.03993652826199882, -0.0035837385627143156
0.040852999191256935, -0.003141105165066296
0.04154258354218484, -0.0027838382832196464
0.042039416403400205, -0.002513360846434017
0.04237332417410194, -0.0023751639505651036
0.04258163870510856, -0.0023564310728008903
0.0427087838103833, -0.0024035237463120433
0.04279670871441604, -0.0024686873143600456
0.042768507062266946, -0.002583583632570515
0.04273982516839302, -0.002744282293722994
0.04268997586765835, -0.0029660636998606583
0.04267223066995446, -0.0031739031726097217
0.042706574141864545, -0.00332711127115255
0.042782759778433356, -0.003402087863091258
0.04269329968588635, -0.003470760558520846
0.0425004363775188, -0.003568223641127325
0.04229776664001065, -0.003680070909483834
0.04213436891915731, -0.00378750338239568
0.04201953294071009, -0.003873852146001927
0.04194109490977096, -0.003940798053831673
0.041888026838114864, -0.0039898450097955295
0.04185163782349175, -0.004025199721240626
0.041827366671810785, -0.004051317971819138
0.0418113490225, -0.0040688950773722634
0.04180152119853716, -0.004079752755806094
0.04179517575602169, -0.004088275631032812
0.04179036411293561, -0.004095895725565158
0.04178570503338982, -0.004105286315460115
0.04178171434368022, -0.0041159739769840165
0.04177825398396511, -0.004128589516535222
0.04177204573346056, -0.004143300073279076
0.04176278454384804, -0.00415888533174915
0.04174713604926122, -0.004176919779658067
0.04172572227112818, -0.004198941897410533
0.04170611468100876, -0.004224783144004853
0.04169176040048934, -0.004252952977151063
0.04168334858076858, -0.00428029846196982
0.04167930037767475, -0.004303963389675391
0.04167589749086569, -0.0043251260972539535
0.04167155265136592, -0.00434287026007999
0.041649542079284826, -0.004291495795965218
0.041616512039705296, -0.004234013789000376
0.041588253550461175, -0.004221461826684084
0.04155696180004309, -0.004194100562287645
0.04152561614257273, -0.004170137426076926
0.04149764119806645, -0.00415139764902067
0.04147408921583401, -0.0041392855419656194
0.04145094594004075, -0.004134354736272352
0.04153035939380791, -0.004087408628237813
0.041725711131701516, -0.004074802190537639
0.04171672975985995, -0.004149888372531899
0.04160807235315913, -0.004289402277634521
0.041435364570131666, -0.00447226083260026
0.04120227335616033, -0.004687159259370876
0.04090362964018959, -0.0049347643977530825
0.040538273676744, -0.005240411804506295
0.040088165815503035, -0.0056210671476267385
0.039537182856363054, -0.006080900994454955
0.038873514817750955, -0.0066133500471072144
0.03808555527497727, -0.007219334556869664
0.03726243137482042, -0.007902535243846485
0.036413235165988204, -0.008670899637344793
0.035479025071019646, -0.0095108208768349
0.03443709472080443, -0.010383949034265082
0.03328413381806718, -0.011311367517325737
0.03203185293404079, -0.012300435996398311
0.03070051198728324, -0.013346556784248093
0.02931367918814588, -0.014437832230595235
0.0278949611750202, -0.015558484175484865
0.02646632155477385, -0.016691741606735144
0.0250473568512499, -0.01782150069442474
0.023655257194086312, -0.01893312340654831
0.022305083509153716, -0.020013663679476275
0.021010255058450163, -0.021052299788352283
0.019783007328737855, -0.022040116118788925
0.018634071316200245, -0.02296861814255963
0.01757190868622555, -0.02382999546885346
0.016600476036980047, -0.024617914474461936
0.01572420340285911, -0.02532764593785478
0.014948593242641427, -0.02595531565180404
0.014277904547588293, -0.026498289983276444
0.013713260802920034, -0.026955944740902155
0.013251865808269807, -0.027330903250297807
0.012889659491909625, -0.027627119394824946
0.012619616575993614, -0.027850462625316555
0.012431628006959492, -0.028009556775821513
0.012308957407866826, -0.02811498165982991
0.012228071825817297, -0.02817906797932057
0.012168993701383917, -0.028218823763956773
0.012087769490548083, -0.028249054168338564
0.011600638347330511, -0.027584044306997357
0.01104872802277179, -0.026709940767971094
0.010570975449530359, -0.025800307150537563
0.01024510717367562, -0.024963639537966965
0.01012960017654014, -0.024322678249424454
0.010182158234408108, -0.02392521029398473
0.010182601774640103, -0.023736755569586616
0.01003051225010087, -0.023619197413073032
0.009838997527483361, -0.023580427762533714
0.009691500670114086, -0.023573902402524514
0.009583798808361849, -0.023598694484352305
0.009509089817788486, -0.023637974768770893
0.009449923656976531, -0.023684489560311946
0.009396272350090867, -0.02372976684152553
0.009343207596126094, -0.023769062692104697
0.009292265691438026, -0.023799074875299718
0.009244777564222447, -0.02381817284403841
0.009200669223609594, -0.0238267261495885
0.009158963770917914, -0.023826854204025576
0.009119800005938839, -0.023821448469552864
0.009086936664930316, -0.023815815077364667
0.009061174880504409, -0.023813439254560306
0.009041325416752198, -0.023816267355583485
0.009025484572356036, -0.023824394810831685
0.009012649375908982, -0.02383570091326035
0.00900130395435085, -0.023849360376286967
0.008991294692125788, -0.023858090919597376
0.008982588707729198, -0.02385630847246674
0.008973805357662788, -0.023845052949423757
0.008963737226771257, -0.023828591151797154
0.008951046469752408, -0.023812150962173723
0.008936085577291853, -0.02379797442331386
0.008919372261276549, -0.023787313954221477
0.008900932161903768, -0.02378027462638667
0.008883551083715895, -0.0237760762769842
0.008866564113253811, -0.02377489188873689
0.008851053116997272, -0.023775002029688443
0.008836155120180239, -0.023776595535216497
0.008823172972246203, -0.023777746606434058
0.008944421421849234, -0.023825946272159296
0.009014029681187228, -0.023815118387825414
0.008960762659713246, -0.023729520722264603
0.008812057379798056, -0.023590222982594375
0.008545626160915684, -0.023403363608769705
0.008125159107536634, -0.02316350283352291
0.007525656924384308, -0.022877167713668975
0.006730740921627716, -0.022532397297045335
0.005731319658053049, -0.02211565429054538
0.004522673685196552, -0.02161912439633668
0.0031105101192611334, -0.021039524011991616
0.0015039607027159559, -0.02038046790170685
-0.0002735297827687423, -0.019667400668601467
-0.002211655808055653, -0.018971054829303023
-0.004302988045470348, -0.01820054508772955
-0.006527459349603255, -0.017332920350690586
-0.008855023186252751, -0.016416628633885693
-0.011276031958733732, -0.01549921889794569
-0.01375701912498724, -0.01451686879827336
-0.016277808740831297, -0.01354139270948621
-0.018811439973397306, -0.012539388630422237
-0.02125288279072673, -0.011549214171259975
-0.023579904061881835, -0.0105249611775348
-0.025846418442152533, -0.009519568577373618
-0.028055417760883775, -0.008536047437145098
-0.03019787046418999, -0.007600369957181113
-0.03225200842288611, -0.006724008991144886
-0.03418679258520719, -0.005906469105602319
-0.035979492630233964, -0.0051577216823682475
-0.037615084497902504, -0.004491239030188631
-0.03907503017600055, -0.0038969494225019755
-0.040344076105406634, -0.003380586667223803
-0.04139490580221194, -0.002925451906809197
-0.04222554005154255, -0.002531125853676241
-0.04284905414478007, -0.0021994500400506255
-0.04328810981661564, -0.001931909683796978
-0.043573699823652154, -0.0017307346063098633
-0.04374371409960957, -0.001591643208457736
-0.043847692345189336, -0.0015071081522380282
-0.04392475933522193, -0.0014622596294698157
-0.044040559182348914, -0.0011976744169062904
-0.043771405693201204, -0.0020839442295049076
-0.0435367525586821, -0.00341697400906374
-0.04341696019369409, -0.004842897880554147
-0.04343988626220961, -0.006114304973520446
-0.0433523507613104, -0.0071970401521090025
-0.042736556244090694, -0.008196758486807615
-0.0419128612648036, -0.009034293427633407
-0.041152713562576555, -0.009627005170775957
-0.04056343777647967, -0.009964970523623657
-0.040194536457775036, -0.010109964808100452
-0.04001494280189021, -0.010117449792460242
-0.03994783962690158, -0.010041049873876108
-0.03989921861981054, -0.009924964330128558
-0.03985422445414309, -0.009802338865553924
-0.03981166558876314, -0.009694782666706056
-0.039772041058183986, -0.00961395550239001
-0.03973419573540565, -0.009562946528067892
-0.039695957223619016, -0.009538559698256469
-0.03965761905548817, -0.009533630846347438
-0.03962414906062891, -0.009539559876375078
-0.03959786453064485, -0.00954876664273104
-0.03957825952923116, -0.009558037920510638
-0.039562246270236454, -0.009567519811304201
-0.03954611419087374, -0.009588078835459797
-0.03953035106881138, -0.009622556211384137
-0.03951321384871488, -0.009662644907912235
-0.039493150075990774, -0.009700599862290266
-0.039470523642154774, -0.009733172982575044
-0.0394455851892129, -0.00975809156531679
-0.03941932737099605, -0.009775450038703271
-0.039392727490431954, -0.009785996477328274
-0.039366730249948016, -0.009791074140761927
-0.03934135577923674, -0.009790885501972999
-0.03931701217184098, -0.009787705987708971
-0.03929323107562186, -0.009781625919646486
-0.039269579702075647, -0.009774127107943818
-0.03924529278415684, -0.009765825841315794
-0.039219721566652245, -0.00975696297423788
-0.03919367687847935, -0.009748014380646626
-0.03921887434379071, -0.009704257807341469
-0.039288144460729785, -0.009608040920680117
-0.039090098262054354, -0.009601050809292279
-0.03882539118043782, -0.009689535569668489
-0.038557651935400915, -0.00981511101135477
-0.038290208981882554, -0.009907554824519063
-0.038011535310834184, -0.00989836552861364
-0.03771230405936913, -0.009850743751742764
-0.037355015237635826, -0.0097314029253059
-0.036905713910140796, -0.009538389141132234
-0.036358055446952045, -0.009306007000587983
-0.03571107242559337, -0.009021857561510475
-0.03497627139331147, -0.008719875600328952
-0.03416402551171028, -0.008421554788528605
-0.03328342477172181, -0.008135508004870558
-0.03234533275512797, -0.007861585897670848
-0.031364208323621155, -0.007592799228119196
-0.03034775393879485, -0.007319154330853484
-0.029303768163193487, -0.007033861582178285
-0.028241038111072866, -0.006734361135801498
-0.027166894929872818, -0.006422637839074393
-0.02608858544004721, -0.006104472655517974
-0.025016997109622796, -0.005785268963562601
-0.023964018492276414, -0.0054698877148433665
-0.022941165198264116, -0.005162766433961932
-0.02195903831696844, -0.0048689641913877086
-0.02102746256869217, -0.0045932837132454515
-0.020153561009850652, -0.00433504865335909
-0.019362890135279993, -0.004125418082339075
-0.01867101216844359, -0.0039838922925141025
-0.01807352887724655, -0.0039060562247621887
-0.01756071759842004, -0.0038596782787094787
-0.017120438070917836, -0.0038195964029821526
-0.016746299081153167, -0.0037744264703684673
-0.016436161510886553, -0.0037221426916296285
-0.016189800821341246, -0.0036660223679982735
-0.0160053614931896, -0.003611961345895538
-0.015875959350448995, -0.003566942535365013
-0.015789378547289, -0.003534680243871426
-0.015729199481087145, -0.0035128873824487494
-0.01501608488940125, -0.0033234301518433613
-0.014788406686588826, -0.002900575266471597
-0.014299846497700473, -0.0019604767481075937
-0.01365883773141134, -0.0006191982302946317
-0.013015158871764588, 0.0007776945856183196
-0.012428036032333518, 0.0020924930656644677
-0.011859072518645488, 0.0034280083026193846
-0.011317264780256756, 0.004685483553722977
-0.010879260584837354, 0.005730504077142939
-0.01059358164800663, 0.006476005131008846
-0.010421591752092304, 0.006999445874011783
-0.010313338670281499, 0.007407569931347804
-0.010228352143275039, 0.007763050253006155
-0.010150495150605982, 0.00805535390791081
-0.010080212592251775, 0.008264305824150673
-0.010020212103149493, 0.008389849852837514
-0.00997238634093216, 0.008445542697703517
-0.009937097407711776, 0.008453531558469798
-0.00991343721374677, 0.008430741562172127
-0.009899268602052829, 0.008390998355628558
-0.00989174214354867, 0.008345263564205752
-0.009888030703528922, 0.008301484987268137
-0.00988558914785632, 0.008264814008016232
-0.009882468458432554, 0.008238039882329965
-0.009877571860989389, 0.008223224059804782
-0.009870281911740384, 0.008220560417951711
-0.009860101015500071, 0.008228748031463713
-0.009846689199903433, 0.008246091719311063
-0.009828145713070202, 0.00827000358289829
-0.009804655536657596, 0.008298368296140503
-0.009773748229452841, 0.008329397596344917
-0.009730278687222791, 0.00836480727732388
-0.009667684271779258, 0.008408122442177984
-0.009583604815267802, 0.008458744405324656
-0.0094827916309153, 0.008514964845217065
-0.009375786282102403, 0.008572363991591333
-0.009269308758621305, 0.008626922663916499
-0.0091672417135891, 0.00867587959090804
-0.009071648814164722, 0.008717001448078106
-0.008983904218770713, 0.008747044692433458
-0.008905673979620754, 0.00876444981642896
-0.009023047230290519, 0.008553996032381316
-0.009021347270608266, 0.00832506061901947
-0.008899242903287526, 0.008228703380174281
-0.008730520251188385, 0.008204112462219127
-0.008550121975206295, 0.008212176229767073
-0.008375611755535448, 0.008227982440420223
-0.008214007952645859, 0.008241300816819709
-0.008065228612755725, 0.008261623285623005
-0.007913441668877533, 0.008245325975417623
-0.007744255500374559, 0.008192176783228184
-0.007544780169417171, 0.008110170785555525
-0.007306435348018307, 0.00800615620814754
-0.0070299467569828675, 0.007916127297324847
-0.006727052751361176, 0.00790178680470526
-0.006398100378194059, 0.007940036688609596
-0.006035657594022887, 0.007991211562732166
-0.005636383974676445, 0.008028658697658366
-0.005205367161759367, 0.008041682156692322
-0.004753786996706305, 0.008029713688269494
-0.004296789788707791, 0.007993276152273585
-0.0038455450398212397, 0.007935079162757475
-0.0034054992300773684, 0.007859869719344523
-0.0029790962054530574, 0.007773179634220405
-0.0025676653608441187, 0.007680457267611477
-0.002172317101615048, 0.007586458223811055
-0.0017947042281494822, 0.007495002675836633
-0.0014371110727854834, 0.007408770894669838
-0.0011003909302872903, 0.007330737258289578
-0.000782901336179246, 0.007266174564142198
-0.0004879331961270685, 0.007216634486991529
-0.00022039781063658298, 0.007180644575245789
1.7466151615425193e-05, 0.007153742464612399
0.00022417933742207853, 0.007131275428407148
0.00040488932169820683, 0.007114222273098035
0.0005541489804282171, 0.007100682303192292
0.0006674801996305863, 0.007086860174736879
0.0007500753855254522, 0.007075951095998409
0.0008051557101612101, 0.007068592496779847
0.0008331422497248743, 0.007064479179510041
0.000840071437693286, 0.007063279379568662
0.0003652642847278263, 0.006770332133003927
2.736866444605386e-05, 0.006281341090246697
-0.0005479563745767814, 0.005428622850701645
-0.001196320487210768, 0.004439345728961332
-0.0017982716320340533, 0.0034704135152351205
-0.002300890954187562, 0.002527760841879679
-0.002689781331596559, 0.001672155649306393
-0.00299483730807104, 0.0009085540855915648
-0.0032493868795155623, 0.00022523646355886945
-0.003473565848839313, -0.0003977661679464098
-0.0036773720540051, -0.0009735119872565979
-0.0038467981342536796, -0.0014612885332477852
-0.003966997973096473, -0.0018177812278192607
-0.004034212265934989, -0.0020463904320545422
-0.004059735980393339, -0.00216334923893363
-0.0040548551838222565, -0.002196131711140609
-0.004033667327668115, -0.002172160667096827
-0.0040086902260660405, -0.0021174678036499127
-0.0039833344346003165, -0.002053679644400187
-0.003963055976817372, -0.00199244656870071
-0.003947263372291112, -0.0019444185574438012
-0.003938576661396123, -0.0019117106571984108
-0.003938636351617188, -0.0018935515018078514
-0.003946269226643426, -0.0018897942200663733
-0.003963258978298321, -0.0018954059772584044
-0.003988726960578343, -0.0019078168128461165
-0.004022370696954062, -0.001924248767731616
-0.004061603891540959, -0.0019401492889821416
-0.004107183316519465, -0.0019551592712985866
-0.004161302196046486, -0.0019695128930364465
-0.004223242604016817, -0.0019839307836135964
-0.004292229015172207, -0.001998471666440116
-0.004368244694638522, -0.0020156928090969946
-0.004451065868021556, -0.0020383566769190207
-0.00453593030891795, -0.002065220228547964
-0.004611179829950048, -0.002095720648472089
-0.004671231115764086, -0.002126244036387395
-0.004716358310432964, -0.002153404775445108
-0.004749305808889619, -0.0021723024934560088
-0.0047725220047969575, -0.002184071473651012
-0.004725543397929707, -0.0022254402981816404
-0.0044465765176608125, -0.002004307631293905
-0.004285614054299467, -0.001996334054662199
-0.0041510703367009, -0.0021128405689393058
-0.003959328469266629, -0.0022986250473924206
-0.003643157241829931, -0.0025210573878080554
-0.003154511452733127, -0.00276516733351553
-0.0024581403095177033, -0.0030089668610755412
-0.0015376107774691117, -0.0032559612346139033
-0.00039678584942853275, -0.0035192525005606577
0.0008499395452037392, -0.0038352291777038186
0.0021429696653203437, -0.004246757053144427
0.003597747954607121, -0.004720703436104906
0.00528972108746397, -0.00523554748314623
0.00723835386912345, -0.005777423135443439
0.009425877767838218, -0.006338206584995175
0.011814845591802724, -0.0069118098849043465
0.014360471836270544, -0.007493648232140443
0.01701817125571639, -0.008080117764843329
0.01974702972254879, -0.008668214069194685
0.022511186907205303, -0.009255247012776472
0.025278814544883656, -0.009838093604315036
0.028022321744556933, -0.010414373629302134
0.03070948243967799, -0.010965975761251917
0.03332261376700226, -0.01150713539036388
0.035832331252343114, -0.01201966553290776
0.038209915936063904, -0.01250133215805238
0.040397096352828336, -0.012870009821675313
0.042422317155516476, -0.013148952629086701
0.04432461873207988, -0.013440204524349837
0.04606789315978042, -0.013754180716394655
0.04757319642222953, -0.014020776518769635
0.04886898484833963, -0.014223767663719687
0.04998734423342943, -0.014442933525337213
0.050874583892200356, -0.014600171793153127
0.05158929562355463, -0.014751525629893349
0.05211309350301328, -0.014855455269379666
0.0524841476294022, -0.014945696332402121
0.05273431280728228, -0.015014706222143159
0.05289346262239282, -0.015062571227171544
0.053004770596350684, -0.01509703328964264
0.05240830835835151, -0.014913962918877092
0.052242273452729915, -0.014587663602031732
0.05196194767331041, -0.014161527301925776
0.0516478898938949, -0.013747077821214603
0.05135594269313299, -0.013409266848433412
0.05112776341919846, -0.013173493698194089
0.050980044988177056, -0.013038083314672313
0.050917835929702414, -0.0129861185830223
0.050936518689090424, -0.012988608929910175
0.05098765183781759, -0.013009928441808875
0.05104354276413183, -0.013051334417042523
0.051091136006376, -0.01310490517589077
0.05113059120030747, -0.013163597714531742
0.051165829021740876, -0.013221105902193626
0.051200003289680905, -0.013273044558896554
0.05123490599929299, -0.013318183437398266
0.05126815467981391, -0.013355893945797141
0.051295783002909434, -0.013385371558598362
0.051329221187651916, -0.013412606177466797
0.05136300744890941, -0.013432546878909662
0.051395822293890295, -0.01344437780850796
0.05142651758310899, -0.01344819244605997
0.05145293855716888, -0.013445657882271153
0.05147616143928952, -0.013438518188775502
0.051494987967892, -0.013428094318718265
0.05150875150660804, -0.013416546468344216
0.051517909805223104, -0.013409311295362878
0.05152874134486309, -0.013418092056696846
0.0515372026350577, -0.013436519559058223
0.0515410563889085, -0.013458048733572201
0.05153609365833359, -0.013474704863917697
0.05151281252583034, -0.013481601859674766
0.051471631422693925, -0.01348033174314629
0.05141948368910688, -0.01347496936992456
0.051361884539020866, -0.013469193546073071
0.05130217390952195, -0.01346305753081921
0.05124453286664373, -0.013458389267436663
0.05119258045085684, -0.013454962915183815
0.05114897465919487, -0.013452901515073392
0.051113720597830835, -0.013452693520973922
0.05112520169696031, -0.013503766341791118
0.051163233065040926, -0.013585238155619406
0.051009171293640965, -0.013704898509995555
0.05073770361080047, -0.013747244434998054
0.05038854561864324, -0.013658998843760052
0.04994853331374055, -0.01340820115643694
0.04940757513777958, -0.01296049509822524
0.04873674794063807, -0.0123124445966292
0.04790750802975741, -0.01146809906635438
0.046901421012885414, -0.010437034459246347
0.04571034755584706, -0.009231947449569506
0.04433708694139455, -0.007864833036217555
0.04279069381284347, -0.006346541729494147
0.04108343021532691, -0.004685812817622831
0.03920726493784586, -0.002897850045980881
0.037174297058159354, -0.0010370467129420362
0.035019582728499754, 0.000902921819692023
0.032800141123724334, 0.0029611743564884616
0.030498179058148403, 0.005134652930606154
0.028129262230088128, 0.007355549597179957
0.02575043597905388, 0.009606085334337206
0.023398950775027887, 0.011870606128545158
0.021101377843768653, 0.014132791239059644
0.018859567447646754, 0.0163771732153869
0.016663583250296356, 0.01848467008117643
0.014559205001903004, 0.020436676627523034
0.012594491549252554, 0.022281948160406347
0.010781112511728242, 0.024040334591710896
0.00907830012359432, 0.025730172705508352
0.007514625950882565, 0.02736716080721471
0.006125680544464624, 0.028873076282031607
0.004884351355211529, 0.030233042853824627
0.003804748049538453, 0.03143432409019757
0.0028982116134795796, 0.03243637099616875
0.002156753022036287, 0.033250856101189386
0.0015805904275347127, 0.03387040087153861
0.0011561174673581775, 0.03431504950620211
0.0008655716941043071, 0.034603591565134414
0.0006818585372842826, 0.03476621231549161
0.0005737075122451789, 0.034844529034708874
0.0005021820490678582, 0.03488586599396436
0.0011329088595148304, 0.03450851256988804
0.0015849808495252743, 0.034141018458682774
0.0021144280198816486, 0.033648091714438645
0.002587105553081682, 0.03315461510649294
0.002934475987998368, 0.032725074561367834
0.0031440079857213993, 0.03239565265825694
0.0032383424671673117, 0.03217625186211749
0.0032512986082194424, 0.032052808212094115
0.0032144659815843165, 0.0320054151107443
0.0031533350010884346, 0.032007744470125866
0.0030852587701894023, 0.032038085812363316
0.003018895956721777, 0.032079218359475664
0.0029579158357325073, 0.03212028289181785
0.002904229796788396, 0.032154743321814824
0.0028592049872768303, 0.032179918022695486
0.002821522894587209, 0.03219492145892123
0.0027908316242578673, 0.032201771146195185
0.002766396301152215, 0.03220345064734543
0.0027461138855400516, 0.03220147607937607
0.0027292924141051386, 0.03219782889497251
0.0027169957971446587, 0.03219298570560839
0.002712981854637684, 0.032185185700782694
0.0027155952904243676, 0.0321776341065748
0.0027260689229555973, 0.032172209320341746
0.00274308197022278, 0.032167806277136585
0.0027669010241451117, 0.032166357607817254
0.0027980391495820356, 0.03216621732635828
0.0028359518264619724, 0.032173048820122785
0.002883530182389423, 0.032169391606185496
0.0029459483334042485, 0.03215969745646592
0.003009972330327903, 0.03214978689236996
0.003076519354533933, 0.03214003307639414
0.003150695841850996, 0.03212887133286879
0.0032348232883007656, 0.032113564801453054
0.003320126720893815, 0.03210098760144884
0.0033986026048368452, 0.03209408899570719
0.0034669207105781003, 0.03209408053235671
0.003523871080029098, 0.03210089902525042
0.003569785010627378, 0.032112239984118315
0.003606515828455898, 0.03212558219946607
0.003582933631602593, 0.03228186930656758
0.003448022576062562, 0.03242054336454003
0.003363246966910615, 0.032507573244211864
0.003293930597526354, 0.03249481424141484
0.00324486294545936, 0.032364755457238645
0.003209069346229435, 0.03210779149978184
0.0031676279764147985, 0.03174778945529862
0.0031202143924074074, 0.031291365633794074
0.0030912041068480345, 0.030762321551025082
0.003065519918589347, 0.030115365616928843
0.003037759851051805, 0.029312947599200986
0.002997350625198998, 0.02838344863805891
0.0029435181074956972, 0.027343480255379818
0.002870169356487897, 0.02619792726409437
0.002776276832417453, 0.024963112520308927
0.002663024208758179, 0.0236525159282184
0.0025278679056733836, 0.022279640479788164
0.002367229187449395, 0.02085666510683242
0.002184911854280685, 0.01939580581506148
0.001986375305069709, 0.017909762186139103
0.0017784826001783808, 0.016412164179743116
0.0015697249091904783, 0.014917901066718085
0.0013610930127828985, 0.013442438611152243
0.0011552666666562283, 0.012000237978035351
0.0009551172471853035, 0.01060526995223631
0.000763857970913228, 0.00927039520787005
0.0005842334384048619, 0.008007187483984957
0.00041825869898994716, 0.00682650419973162
0.0002676500864136764, 0.005737805162090742
0.00013604517509822807, 0.004749388479861891
2.6348838978547462e-05, 0.003867639587572037
-6.161802936765373e-05, 0.003097266090988713
-0.00012945858567429839, 0.0024426806684573776
-0.00017955050440581052, 0.0019053253036459754
-0.00021460590714164098, 0.0014817631281670606
-0.00023572685055805266, 0.001163339272027533
-0.0002474892173827786, 0.0009381450827841703
-0.0002581564829807761, 0.0007912046314293008
-0.0002695065510454659, 0.0007052811348993319
-0.00028100301979846684, 0.0006603570479827692
-0.00029656349189123094, 0.000629354735267618
-0.00037582239946011873, 0.0006095746437380633
-0.00043388412354384534, 0.0006004810510394831
-0.0004618089050909757, 0.0005981945522837768
-0.00048780383788711015, 0.000599140902591679
-0.0005197833765145581, 0.0005999230463748029
-0.0005511624090534163, 0.0005992623786615589
-0.0005725263281879311, 0.0005972492697615877
-0.000580482877980405, 0.0005947849806951155
-0.0005741979156858442, 0.0005923603283129209
-0.0005608879778538631, 0.0005933224053771807
-0.0005498625673520309, 0.0005973667693578097
-0.0005419654458542426, 0.0006028767339812498
-0.0005368021795200927, 0.0006091325275646342
-0.0005339757504146476, 0.0006155202947368756
-0.000533212882013998, 0.0006211594242598924
-0.0005341802479790265, 0.0006260587229002749
-0.0005361625132230114, 0.0006301948491784194
-0.0005386443947583371, 0.000633370670582441
-0.0005406764910955797, 0.0006361312841458182
-0.0005419713799407817, 0.0006389148218206397
-0.0005426019867704392, 0.0006419451749085583
-0.0005426781638492827, 0.0006453131200545986
-0.0005423309424477223, 0.000648978453398143
-0.0005416902618107104, 0.0006528389322650711
-0.0005408776773011566, 0.0006567736590249462
-0.0005400047207669921, 0.0006606653225214439
-0.000539174448441882, 0.0006643821403754068
-0.0005384698345461597, 0.0006672345941540493
-0.0005379203201619707, 0.0006687040744827096
-0.0005375743867475003, 0.000668942706468188
-0.0005375015487916598, 0.000668327953443102
-0.0005374253400346759, 0.0006670686745285613
-0.0005367190680596239, 0.0006649378783012639
-0.0005352453160373348, 0.0006620110251210273
-0.0005328258187937236, 0.0006585066005161548
-0.0005298959292648372, 0.0006547939029758898
-0.0005268643996113159, 0.0006512743615341086
-0.0005239639344671391, 0.0006482064796914961
-0.0005212374537052351, 0.0006456333317814522
-0.0005185449163303588, 0.0006433780618851651
-0.000515836342983527, 0.0006413657882875335
-0.0005135051568820735, 0.000640055308958073
-0.0005119413090046213, 0.00063975791435934
-0.0005113184474587835, 0.0006404870986284156
-0.0005116185133515714, 0.0006420468893346237
-0.0005126616899043652, 0.0006441659223507
-0.0005141977828656427, 0.0006465861227434179
-0.0005160489926647686, 0.0006490745139049769
-0.0005180778901459864, 0.0006514485458451086
-0.000520036321960168, 0.000653547187637403
-0.0005217139096135351, 0.0006552561117671025
-0.0005231167567565911, 0.0006565684738740598
-0.0005242756406735437, 0.0006575457079163046
-0.0005252198613286068, 0.0006582748213000704
-0.0005259703692037847, 0.000658837757306346
-0.0005265138185612789, 0.0006592653238763199
-0.0005268569564311995, 0.0006595699634633443
-0.0005270162480137246, 0.0006597745537310343
-0.0005270071407876717, 0.0006599038070730654
-0.0005268439050901997, 0.0006599795904797698
-0.0005265396958739482, 0.000660019168216346
-0.0005261066194457324, 0.0006600350753404894
-0.0005255558113799523, 0.000660035722951493
-0.0005248970625805569, 0.000660008280946488
-0.0005241347588943183, 0.0006599431821860403
-0.0005232453073482886, 0.0006599266972178352
-0.0005222578471937584, 0.0006599118173707789
-0.0005211931370919985, 0.0006598586652190648
-0.0005200609081821463, 0.0006597540008845223
-0.0005188679921377973, 0.0006595986109954197
-0.0005176202705702489, 0.0006593995669713593
-0.0005163231036686688, 0.0006591658583143778
-0.0005149814408332681, 0.000658906162160959
-0.0005135998663314789, 0.000658627879190091
-0.0005121826293469166, 0.0006583368689370241
-0.0005107336681666432, 0.0006580375348762932
-0.0005092566311456323, 0.0006577330553077032
-0.0005077548956957006, 0.0006574256490151164
-0.000506231586016566, 0.0006571168212427782
-0.0005046895899404543, 0.000656807568175689
-0.0005031315750298948, 0.0006564985356558805
-0.0005015600039433798, 0.0006561901363016503
-0.0004999517472311097, 0.00065598554187193
-0.0004981364585623035, 0.0006563470547526157
-0.0004962445405017022, 0.0006569551347473768
-0.0004943478008552311, 0.0006575527820987555
-0.0004924632380261517, 0.0006580246843620554
-0.000490594974318316, 0.000658336390634124
-0.0004887447267497872, 0.000658493291703264
-0.0004869124246010442, 0.000658519259683891
-0.00048509817253883494, 0.000658442637366693
-0.0004833020542242667, 0.0006582901991163376
-0.00048152745588775483, 0.0006580881513641705
-0.00047976779046076876, 0.0006578476051643797
-0.00047802694839463804, 0.0006575836968345374
-0.00047630444617252675, 0.0006573063166987298
-0.00047460014120877464, 0.0006570216038602255
-0.0004729139675270374, 0.0006567336130821911
-0.00047124585834681313, 0.0006564449148266546
-0.00046959572915889885, 0.0006561570637501503
-0.0004679634751329517, 0.0006558709452368672
-0.00046634897247572446, 0.0006555870208617995
-0.00046475208097555815, 0.000655305495694254
-0.0004631726468502524, 0.0006550264281464064
-0.00046161050554175645, 0.0006547497993181036
-0.0004600654842884331, 0.000654475554845723
-0.00045853740439302803, 0.0006542036287627114
-0.0004570260831620659, 0.0006539339560437013
-0.0004555313355193692, 0.0006536664783429549
-0.00045405302565160627, 0.0006533999553838781
-0.00045259138001220255, 0.0006531308424159577
-0.00045114648581780583, 0.0006528585122990308
-0.00044971817309597624, 0.0006525834153344774
-0.00044830620111244315, 0.0006523063628112038
-0.00044691031902401284, 0.0006520282199866945
-0.0004455302814962742, 0.0006517497610072759
-0.00044416585229734387, 0.0006514716156726335
-0.0004428168046103958, 0.0006511942645387675
-0.0004414829204161302, 0.0006509180563797124
-0.0004401639896550331, 0.0006506432333865919
-0.0004388598094073741, 0.0006503699565182948
-0.0004375701831700282, 0.0006500983275809902
-0.00043629492025094543, 0.000649828406930103
-0.00043503383526980415, 0.0006495602268760404
-0.0004337867477510903, 0.000649293801395586
-0.00043255348178558285, 0.0006490291329058226
-0.0004313338657483621, 0.0006487662168265379
-0.0004301277320542939, 0.0006485050445495581
-0.00042893491694445576, 0.0006482456053007599
-0.0004277552602928782, 0.0006479878872603886
-0.00042658860542977645, 0.0006477318782021
-0.00042543479897798076, 0.0006474775658324262
-0.00042429369069900153, 0.0006472249379502144
-0.0004231651333485225, 0.000646973982505535
-0.0004220489825400521, 0.0006467246876051958
-0.00042094509661530944, 0.0006464770414936186
-0.00041985333652326236, 0.0006462310325264251
-0.0004187735657045381, 0.0006459866491435855
-0.0004177056499825098, 0.0006457438798469939
-0.0004166494574618329, 0.000645502713183202
-0.00041560485843168297, 0.0006452631377309988
-0.0004145717252754535, 0.0006450251420932884
-0.00041354993238631196, 0.000644788714892695
-0.0004125393560873495, 0.0006445538447692669
-0.0004115398745569428, 0.0006443205203804391
-0.0004105513677591448, 0.0006440887304017927
-0.00040957371737778087, 0.0006438584635292465
-0.0004086068067554067, 0.000643629708480839
-0.000407650520835927, 0.0006434024539998713
-0.0004067047461107829, 0.000643176688857183
-0.00040576937056848085, 0.0006429524018543512
-0.00040484428364738874, 0.0006427295818257866
-0.0004039293761916486, 0.0006425082176418779
-0.00040302454040960073, 0.0006422882982111814
-0.0004021296698352538, 0.0006420698124829611
-0.0004012446592910968, 0.000641852749449386
-0.0004003694048546164, 0.0006416370981478611
-0.0003995038038256906, 0.0006414228476630103
-0.0003986477546963489, 0.0006412099871283827
-0.00039780115712240106, 0.0006409985057286542
-0.0003969639118965727, 0.0006407883927009359
-0.00039613592092363416, 0.0006405796373369115
-0.0003953170871959575, 0.0006403722289838621
-0.0003945073147712846, 0.0006401661570462834
-0.00039370650875189165, 0.0006399614109873132
-0.0003929145752638579, 0.0006397579803297953
-0.00039213142143850274, 0.0006395558546574483
-0.00039136102012891157, 0.0006393603480328637
-0.00039059158080705976, 0.0006391563856418336
-0.0003898347467504691, 0.0006389596156134061
-0.0003890863909534355, 0.0006387634778560592
-0.0003883463476898737, 0.0006385685376255186
-0.00038761450730792976, 0.0006383747058687318
-0.00038689078052817587, 0.0006381819550351842
-0.0003861750832320499, 0.0006379902874287436
-0.00038546733302801414, 0.0006377997171738222
-0.00038476744850576107, 0.0006376102605902465
-0.00038407534908528384, 0.0006374219315948122
-0.00038339095498013707, 0.0006372347399613791
-0.0003827141871755003, 0.0006370486910937181
-0.00038204496740417104, 0.0006368637865072502
-0.0003813832181233524, 0.0006366800245663947
-0.00038073242862765133, 0.0006365028508906203
-0.0003800852141934319, 0.0006363204006102486
-0.00037944241209000645, 0.0006361364428936276
-0.0003788134198402306, 0.0006359630389092551
-0.0003781880623138982, 0.0006357854549439305
-0.0003775700521730541, 0.0006356091576598856
-0.00037695907422930777, 0.0006354341248614939
-0.0003763549489749195, 0.000635260126755882
-0.0003757575836759164, 0.0006350870623354135
-0.0003751669048936177, 0.0006349149001493276
-0.0003745828438951647, 0.0006347436429347861
-0.00037400533336371273, 0.0006345733073199687
-0.00037343430670821255, 0.0006344039129014513
-0.00037286969794219363, 0.0006342354769565762
-0.0003723114416628778, 0.0006340680123806774
-0.00037175947303971297, 0.0006339015273461449
-0.0003712137277978532, 0.0006337360257786419
-0.00037067414220031547, 0.0006335715081393203
-0.0003701406530330229, 0.0006334079722407188
-0.0003696131975918451, 0.000633245413970732
-0.00036909171367511775, 0.0006330838278798403
-0.0003685761395779351, 0.000632923207630108
-0.0003680664140904841, 0.0006327635463217793
-0.0003675624764973904, 0.0006326048367229173
-0.00036706426657895125, 0.0006324470714244699
-0.00036657172461248704, 0.0006322902429418475
-0.00036608479137432753, 0.0006321343437788369
-0.0003656034081420862, 0.0006319793664661025
-0.00036512751669605874, 0.0006318253035832352
-0.00036465705932111746, 0.0006316721477703821
-0.0003641919788080298, 0.000631519891733977
-0.00036373221845383024, 0.0006313685282483098
-0.000363277722063154, 0.0006312180501556292
-0.00036282843394771575, 0.0006310684503652783
-0.00036238429892645866, 0.0006309197218525776
-0.0003619452623248143, 0.0006307718576572119
-0.000361511269974384, 0.0006306248508824415
-0.000361082268211202, 0.0006304786946939517
-0.0003606582038748397, 0.0006303333823189663
-0.0003602390243070059, 0.0006301889070454886
-0.00035982467734931684, 0.0006300452622216898
-0.000359415111341498, 0.0006299024412552398
-0.0003590102751194057, 0.0006297604376131275
-0.00035861011801264993, 0.0006296192448209594
-0.0003582145898419003, 0.000629478856462464
-0.0003578236409164282, 0.0006293392661791448
-0.00035743722203168297, 0.0006292004676699595
-0.00035705528446581397, 0.0006290624546905985
-0.0003566777799774197, 0.000628925221053457
-0.0003563046608019629, 0.0006287887606269359
-0.0003559358796490854, 0.0006286530673350001
-0.0003555713896990123, 0.0006285181351569252
-0.0003552111445996241, 0.0006283839581267899
-0.0003548550984631777, 0.0006282505303329783
-0.0003545032058624718, 0.000628117845917814
-0.0003541554218277358, 0.0006279858990772884
-0.0003538117018436336, 0.0006278546840603891
-0.0003534720018446233, 0.0006277241951686726
-0.0003531362782124954, 0.00062759442675594
-0.00035280448777229, 0.0006274653732278126
-0.0003524765877886241, 0.0006273370290412908
-0.0003521525359628415, 0.0006272093887040557
-0.0003518322904282352, 0.000627082446774639
-0.00035151580974744704, 0.000626956197861245
-0.000351203052908043, 0.0006268306366219552
-0.00035089397931940917, 0.0006267057577639626
-0.00035058854880888553, 0.0006265815560431602
-0.00035028672161815835, 0.000626458026263893
-0.0003499884583997329, 0.0006263351632783273
-0.0003496937202128249, 0.000626212961986079
-0.0003494024685202258, 0.0006260914173339502
-0.0003491146651845827, 0.0006259705243152749
-0.00034883027246457814, 0.0006258502779697487
-0.00034854925301109236, 0.0006257306733827441
-0.0003482715698642435, 0.0006256117056850365
-0.0003479971864495508, 0.0006254933700524486
-0.00034772606657399146, 0.0006253756617054558
-0.0003474581744225968, 0.0006252585759084092
-0.00034719347455568184, 0.0006251421079697468
-0.00034693193190391247, 0.0006250262532411123
-0.00034667351176571144, 0.0006249110071171568
-0.0003464181798037408, 0.0006247963650350151
-0.0003461659020411636, 0.000624682322474081
-0.0003459166448582785, 0.0006245688749554755
-0.0003456703749891878, 0.0006244560180417179
-0.00034542705951831, 0.0006243437473363626
-0.0003451866658767443, 0.0006242320584834294
-0.00034494916183925087, 0.0006241209471673854
-0.000344714515520852, 0.0006240104091123631
-0.00034448269537342444, 0.0006239004400819772
-0.00034425367018233713, 0.0006237910358791076
-0.0003440274090635338, 0.0006236821923452014
-0.0003438038814596911, 0.0006235739053601508
-0.0003435830571371497, 0.00062346617084192
-0.00034336490618361667, 0.000623358984745857
-0.0003431493990034515, 0.0006232523430647667
-0.00034293650631553893, 0.0006231462418283269
-0.0003427261991500505, 0.000623040677102716
-0.00034251844884503074, 0.0006229356449904841
-0.00034231322704356425, 0.0006228311416299187
-0.0003421105056907237, 0.0006227271631948407
-0.0003419102570303518, 0.0006226237058941852
-0.00034171245360215663, 0.0006225207659718837
-0.0003415170682389204, 0.0006224183397061614
-0.0003413240740631771, 0.0006223164234094963
-0.0003411334444843595, 0.0006222150134282082
-0.0003409451531964796, 0.0006221141061420535
-0.00034075917417421194, 0.0006220136979640528
-0.0003405754816710197, 0.0006219137853399798
-0.0003403940502158236, 0.0006218143647482509
-0.00034021485461000096, 0.0006217154326993544
-0.00034003786992522914, 0.0006216169857356977
-0.00033986307150017187, 0.0006215190204313088
-0.0003396904349381978, 0.0006214215333916582
-0.0003395199361042676, 0.0006213245212528461
-0.000339351551122351, 0.0006212279806818414
-0.0003391852563729824, 0.0006211319083759563
-0.00033902102849041023, 0.0006210363010624583
-0.0003388590065457019, 0.0006209429025934015
-0.0003386989375642509, 0.0006208486519937977
-0.000338540748064398, 0.0006207536065317925
-0.0003383849154276723, 0.0006206622809042577
-0.00033823281743328143, 0.0006205746351918933
-0.00033807855555252056, 0.0006204765766266054
-0.00033792855352300275, 0.0006203861973551398
-0.00033778214055332604, 0.0006202995634009379
-0.0003376335958457382, 0.000620202476837162
-0.0003374891470391972, 0.0006201129475929208
-0.00033734816348409156, 0.0006200271664863291
-0.000337205136753998, 0.0006199311027683766
-0.0003370660560592473, 0.0006198425876461166
-0.0003369303229417226, 0.000619757848433618
-0.0003367927587100409, 0.0006196643876705852
-0.000336658742563024, 0.0006195759336419099
-0.00033652816556637707, 0.0006194932343837674
-0.00033639758277714316, 0.0006194060067629819
-0.00033626866342894196, 0.000619319226750128
-0.00033614138009491776, 0.0006192327860212294
-0.0003360157131762629, 0.0006191466431050216
-0.00033589164467412, 0.000619060791708773
-0.0003357691569568131, 0.0006189752418602005
-0.00033564823258282883, 0.00061889000927709
-0.0003355288543121907, 0.0006188051098355711
-0.00033541100512575353, 0.0006187205570616334
-0.0003352946682274909, 0.0006186363613138698
-0.00033517982703427647, 0.000618552529835772
-0.0003350664651606713, 0.0006184690671922331
-0.0003349545664034981, 0.0006183859758217232
-0.0003348441147279635, 0.000618303256568242
-0.0003347350942576851, 0.0006182209091329306
-0.0003346274892661733, 0.0006181389324312629
-0.0003345212841720289, 0.0006180573248598439
-0.00033441646353505846, 0.0006179760844873837
-0.0003343130120542966, 0.0006178952091868015
-0.000334210914567203, 0.0006178146967229586
-0.0003341101560486128, 0.0006177345448088941
-0.00033401072161090567, 0.000617654751140653
-0.00033391259650414535, 0.0006175753134176394
-0.0003338157661161652, 0.0006174962293539903
-0.00033372021597247013, 0.0006174174966839147
-0.0003336259317365796, 0.0006173391131643421
-0.0003335328992097866, 0.0006172610765751373
-0.00033344110433157785, 0.000617183384718955
-0.000333350533178432, 0.0006171060354203511
-0.00033326117196480514, 0.0006170290265250169
-0.0003331730070418641, 0.000616952355898656
-0.000333086024897341, 0.0006168760214267576
-0.00033300021215505114, 0.0006168000210135829
-0.0003329155555743307, 0.0006167243525819851
-0.00033283204204931344, 0.0006166490140728512
-0.0003327496586084072, 0.000616574003444863
-0.0003326683924129671, 0.0006164993186742226
-0.00033258823075781507, 0.0006164249577544216
-0.000332509161068885, 0.000616350918696
-0.0003324311709032795, 0.000616277199526597
-0.0003323542454807935, 0.0006162037996956048
-0.0003322786902173972, 0.0006161310966713813
-0.00033220464334685794, 0.0006160592778492875
-0.000332132077517642, 0.0006159883153953752
-0.000332060536388357, 0.0006159180166885272
-0.00033198993598671753, 0.000615849261791761
-0.0003319195978930741, 0.0006157783351148045
-0.00033184888146331606, 0.0006157013936864493
-0.00033178114041304313, 0.0006156364752942787
-0.0003317130190183471, 0.0006155638091398676
-0.0003316457090326712, 0.0006154900372904797
-0.000331581397807312, 0.0006154268074557128
-0.0003315166519245221, 0.0006153557693158159
-0.0003314522042685002, 0.0006152829660920254
-0.00033139049091588296, 0.0006152202843634766
-0.00033132834346129633, 0.0006151497625376162
-0.0003312664841578565, 0.0006150774897226087
-0.0003312072554907346, 0.000615015289702517
-0.0003311476288708648, 0.0006149453885243985
-0.00033108828834144675, 0.000614873812981233
-0.00033103147906712627, 0.000614812264103669
-0.0003309743065277897, 0.0006147431313622126
-0.00033091741744383673, 0.0006146723692957575
-0.0003308629626174489, 0.0006146115560248101
-0.00033080817731791164, 0.000614543249084302
-0.0003307536720504006, 0.0006144733360265525
-0.00033070150621460005, 0.0006144132781896252
-0.0003306483604307822, 0.0006143420206318702
-0.0003305974475568423, 0.0006142807272054726
-0.00033054676595012676, 0.0006142186456116935
-0.0003304964049989721, 0.0006141512957754299
-0.000330447170690608, 0.0006140897359172118
-0.00033039828994885234, 0.0006140228948316698
-0.0003303505081714686, 0.0006139617853207351
-0.0003303030837188567, 0.0006138954295468716
-0.00033025672334531314, 0.0006138347716970153
-0.00033021072188256967, 0.0006137689123924842
-0.00033016574993672453, 0.0006137087198899624
-0.0003301205110182543, 0.0006136399840449414
-0.00033007669357029414, 0.0006135776942478777
-0.00033003353765129206, 0.0006135156661826632
-0.0003299910471347864, 0.0006134538771381551
-0.0003299498642695, 0.0006133990378866827
-0.00032990856390257433, 0.000613334486018558
-0.00032986813929409994, 0.0006132760158866719
-0.0003298280979231259, 0.0006132159853804318
-0.0003297888419742119, 0.0006131546958649715
-0.0003297499638235929, 0.0006130953554862091
-0.00032971173765633126, 0.0006130355614107122
-0.00032967409014795276, 0.000612976046410436
-0.0003296370516422812, 0.0006129167274780712
-0.00032960062385289316, 0.0006128575719395618
-0.00032956480049468813, 0.0006127985740766932
-0.00032952957331127287, 0.0006127397409633986
-0.00032949493370161104, 0.0006126810843604676
-0.00032946087316662045, 0.0006126226164332614
-0.00032942738342743485, 0.0006125643477644818
-0.0003293944564462497, 0.0006125062866666226
-0.0003293620844166548, 0.0006124484391721759
-0.00032933025974424436, 0.0006123908093310839
-0.00032929897502699486, 0.0006123333996081374
-0.0003292682230365763, 0.0006122762112723587
-0.00032923799670222257, 0.0006122192447320228
-0.000329208289098371, 0.0006121624998005942
-0.000329179093433288, 0.0006121059758965999
-0.00032915040304091575, 0.0006120496721869949
-0.00032912221137350935, 0.000611993587686542
-0.0003290945119956569, 0.0006119377213237281
-0.0003290672985791806, 0.0006118820719831485
-0.00032904056489906005, 0.0006118266385315894
-0.00032901430482925134, 0.0006117714198332557
-0.00032898851233928596, 0.0006117164147582452
-0.00032896318149127593, 0.0006116616221864603
-0.0003289383064368094, 0.000611607041009425
-0.000328913881414283, 0.0006115526701306918
-0.00032888990074635106, 0.000611498508465183
-0.00032886635883761287, 0.0006114445549387987
-0.00032884325017233646, 0.0006113908084876029
-0.0003288205693123876, 0.000611337268057321
-0.0003287983108948535, 0.0006112839326028127
-0.00032877646963083826, 0.0006112308010875428
-0.00032872566534758945, 0.0006110917004115569
-0.0003285479226716128, 0.0006106687435215372
-0.0003283332193173236, 0.0006101473765744135
-0.00032811983819645027, 0.0006096442176387262
-0.0003279160952536379, 0.0006092093115273485
-0.00032772346253998025, 0.0006088562132972154
-0.0003275421292715322, 0.0006085800313916006
-0.0003273720632307994, 0.0006083677855156588
-0.0003272129703981006, 0.00060820585515039
-0.0003270645607464666, 0.0006080816232737829
-0.0003269264905580203, 0.0006079844739884992
-0.00032679835460204635, 0.0006079060908080223
-0.0003266796992210762, 0.0006078402888764683
-0.0003265700393847551, 0.0006077826585650375
-0.00032646886586610094, 0.000607730289315482
-0.00032637566125460316, 0.000607681851469803
-0.00032628995186152423, 0.0006076360007592482
-0.0003262112744558459, 0.000607591434782919
-0.00032613916927319103, 0.0006075473113951435
-0.000326073194667946, 0.0006075032225833708
-0.0003260129307106094, 0.0006074590095017625
-0.00032595798069204416, 0.0006074146458512685
-0.00032590797165180113, 0.0006073701677418748
-0.00032586255417080723, 0.0006073256338320911
-0.00032582140168186286, 0.0006072811044158727
-0.00032578420949373196, 0.0006072366318295078
-0.00032575069366668803, 0.000607192257235237
-0.00032572058982780676, 0.0006071480107037268
-0.000325693651981327, 0.0006071039127705224
-0.00032566965134530067, 0.0006070599764460002
-0.00032564837523402674, 0.0006070162091598908
-0.00032562962599281506, 0.0006069726144137968
-0.000325613219991185, 0.0006069291930803906
-0.00032559898667284274, 0.0006068859443663657
-0.0003255867676631788, 0.000606842866494744
-0.0003255764159308278, 0.0006067999571660895
-0.000325567795002196, 0.0006067572138576652
-0.00032556077822525097, 0.000606714634007493
-0.0003255552480814183, 0.0006066722151199878
-0.0003255510955418079, 0.0006066299548213439
-0.0003255482194664065, 0.0006065878508827224
-0.0003255465260432088, 0.0006065459012254353
-0.0003255459282646338, 0.0006065041039154474
-0.0003255463454409056, 0.0006064624571530489
-0.00032554770274527265, 0.0006064209592610096
-0.00032554993079263205, 0.000606379608672542
-0.00032555296524580375, 0.0006063384039199002
-0.0003255567464504236, 0.000606297343624258
-0.0003255612190951058, 0.0006062564264872336
-0.00032556633189659707, 0.0006062156512827394
-0.00032557203730676406, 0.000606175016850491
-0.00032557829124014206, 0.0006061345220901178
-0.00032558505282219414, 0.0006060941659560597
-0.0003255922841547359, 0.0006060539474529226
-0.0003255999500986545, 0.0006060138656314266
-0.0003256080180727204, 0.0006059739195848512
-0.00032561645786630583, 0.0006059341084456205
-0.00032562524146616695, 0.0006058944313823321
-0.0003256343428957044, 0.0006058548875970579
-0.0003256437380660277, 0.0006058154763227151
-0.00032565340463777773, 0.0006057761968208971
-0.0003256633218931012, 0.0006057370483796846
-0.00032567347061696023, 0.0006056980303115719
-0.00032568383298714265, 0.0006056591419517905
-0.00032569439247221246, 0.0006056203826566378
-0.00032570513373704485, 0.0006055817518020247
-0.0003257160425554613, 0.0006055432487817594
-0.00032572710572863743, 0.0006055048730066205
-0.0003257383110104659, 0.0006054666239027706
-0.00032574964703728705, 0.0006054285009110276
-0.00032576110326377886, 0.000605390503485677
-0.00032577266990281, 0.0006053526310933066
-0.00032578433787025464, 0.0006053148832121177
-0.00032579609873329655, 0.0006052772593313742
-0.0003258079446630056, 0.0006052397589502833
-0.0003258198683903392, 0.0006052023815774106
-0.00032583186316490604, 0.0006051651267299614
-0.0003258439227174763, 0.0006051279939335894
-0.00032585604122449454, 0.0006050909827213416
-0.0003258682132760974, 0.0006050540926335121
-0.0003258804338453569, 0.0006050173232168911
-0.0003258926982609603, 0.000604980674024705
-0.00032590500218073474, 0.0006049441446161033
-0.000325917341567973, 0.000604907734555408
-0.000325929712669375, 0.0006048714434124197
-0.0003259421119942211, 0.0006048352707615195
-0.0003259545362953357, 0.0006047992161819779
-0.0003259669825516436, 0.0006047632792571799
-0.00032597944795135174, 0.0006047274595743414
-0.0003259919298771023, 0.0006046917567250011
-0.00032600442589189696, 0.0006046561703040677
-0.00032601693372593396, 0.0006046206999097797
-0.00032602945126448507, 0.0006045853451440094
-0.0003260419765369684, 0.0006045501056113766
-0.00032605450770640024, 0.0006045149809196054
-0.000326067043059601, 0.0006044799706792593
-0.0003260795809986895, 0.0006044450745036469
-0.00032609212003251924, 0.0006044102920085246
-0.0003261046587691128, 0.0006043756228123263
-0.0003261171959086179, 0.000604341066535607
-0.00032612973023666154, 0.0006043066228012604
-0.0003261422606182306, 0.0006042722912345149
-0.0003261547859921656, 0.0006042380714626318
-0.0003261673053659341, 0.000604203963114914
-0.00032617981781047104, 0.0006041699658225268
-0.0003261923224559844, 0.0006041360792186583
-0.0003262048184877325, 0.0006041023029384086
-0.0003262173051421417, 0.0006040686366186285
-0.0003262297817031956, 0.000604035079897735
-0.00032624224749897257, 0.0006040016324162477
-0.00032625470189898256, 0.0006039682938160264
-0.000326267144310848, 0.0006039350637406448
-0.0003262795741779486, 0.000603901941835281
-0.00032629199097672975, 0.0006038689277466898
-0.00032630439421471683, 0.0006038360211231243
-0.00032631678342810917, 0.0006038032216141911
-0.00032632915818022135, 0.0006037705288712133
-0.0003263415180590511, 0.000603737942546867
-0.00032635386267619717, 0.0006037054622951328
-0.0003263661916649696, 0.0006036730877715281
-0.0003263785046790768, 0.0006036408186328999
-0.00032639080139104236, 0.000603608654537432
-0.0003264030814912843, 0.0006035765951446288
-0.0003264153446868083, 0.0006035446401154989
-0.00032642759070012847, 0.0006035127891120543
-0.0003264398192680909, 0.0006034810417977601
-0.00032645203014142166, 0.0006034493978374614
-0.00032646422308322344, 0.0006034178568970481
-0.0003264763978689487, 0.000603386418643833
-0.000326488554284655, 0.0006033550827462674
-0.0003265006921273735, 0.0006033238488741075
-0.0003265128112037185, 0.0006032927166983573
-0.0003265249113299051, 0.0006032616858911349
-0.0003265369923304891, 0.0006032307561258135
-0.0003265490540382138, 0.0006031999270769203
-0.00032656109629374615, 0.0006031691984201731
-0.00032657311894497565, 0.0006031385698324553
-0.0003265851218463446, 0.000603108040991911
-0.0003265971048592015, 0.0006030776115777722
-0.0003266090678509377, 0.0006030472812703731
-0.000326621010694365, 0.0006030170497512707
-0.00032663293326799255, 0.0006029869167031636
-0.0003266448354553069, 0.0006029568818098199
-0.00032665671714489483, 0.000602926944756199
-0.0003266685782301953, 0.0006028971052283408
-0.00032668041860860984, 0.000602867362913381
-0.00032669223818203953, 0.0006028377174996498
-0.00032670403685633687, 0.000602808168676444
-0.00032671581454120385, 0.000602778716134268
-0.0003267275711498154, 0.0006027493595646435
-0.0003267393065989748, 0.000602720098660229
-0.00032675102080860204, 0.0006026909331147458
-0.00032676271370201857, 0.0006026618626230987
-0.00032677438520539026, 0.0006026328868810058
-0.0003267860352479513, 0.0006026040055854402
-0.00032679766376145073, 0.0006025752184343888
-0.0003268092706805969, 0.0006025465251269394
-0.0003268208559424873, 0.000602517925363125
-0.00032683241948682103, 0.0006024894188441524
-0.00032684396125545653, 0.0006024610052722409
-0.00032685548119279674, 0.0006024326843505095
-0.0003268669792453409, 0.0006024044557832382
-0.00032687845536162954, 0.00060237631927573
-0.00032688990949237396, 0.0006023482745343709
-0.0003269013415903194, 0.0006023203212663858
-0.00032691275161006, 0.0006022924591801448
-0.00032692413950795676, 0.0006022646879849912
-0.0003269355052424517, 0.000602237007391325
-0.00032694684877348053, 0.0006022094171104905
-0.00032695817006288296, 0.0006021819168547741
-0.0003269694690739453, 0.0006021545063377262
-0.0003269807457717781, 0.0006021271852734843
-0.000326992000122912, 0.0006020999533774709
-0.00032700323209544657, 0.000602072810365942
-0.0003270144416590127, 0.0006020457559561757
-0.00032702562878462245, 0.0006020187898664631
-0.0003270367934447217, 0.0006019919118160346
-0.00032704793561309813, 0.0006019651215250835
-0.0003270590552650785, 0.0006019384187147582
-0.0003270701523767769, 0.0006019118031071461
-0.00032708122692643024, 0.0006018852744252807
-0.00032709227889288434, 0.0006018588323932068
-0.00032710330825638177, 0.0006018324767359532
-0.00032711431499841276, 0.0006018062071793093
-0.00032712529910144944, 0.0006017800234502037
-0.00032713626054925107, 0.0006017539252763413
-0.00032714719932701194, 0.0006017279123864504
-0.0003271581154205222, 0.0006017019845101902
-0.0003271690088169833, 0.0006016761413780795
-0.0003271798795046086, 0.0006016503827215809
-0.0003271907274725293, 0.0006016247082730863
-0.0003272015527109958, 0.0006015991177658388
-0.0003272123552112916, 0.0006015736109341192
-0.00032722313496552814, 0.0006015481875129926
-0.00032723389196707536, 0.000601522847238527
-0.00032724462620993756, 0.0006014975898475314
-0.00032725533768925295, 0.0006014724150778077
-0.00032726602640096274, 0.0006014473226680635
-0.00032727669234200105, 0.0006014223123578758
-0.00032728733551015546, 0.0006013973838876558
-0.0003272979559040353, 0.0006013725369987873
-0.000327308553523156, 0.0006013477714334361
-0.00032731912836788974, 0.0006013230869347442
-0.00032732968043936903, 0.0006012984832465746
-0.00032734020973961513, 0.0006012739601137479
-0.0003273507162714106, 0.0006012495172819487
-0.00032736120003828165, 0.0006012251544977973
-0.00032737166104464716, 0.0006012008715086187
-0.00032738209929558757, 0.0006011766680625673
-0.0003273925147969415, 0.0006011525439088246
-0.0003274029075553717, 0.0006011284987972054
-0.00032741327757812724, 0.0006011045324785608
-0.00032742362487322865, 0.0006010806447044878
-0.00032743394944943283, 0.0006010568352274178
-0.00032744425131625034, 0.0006010331038005875
-0.00032745453048377407, 0.0006010094501781178
-0.00032746478696262443, 0.0006009858741148598
-0.0003274750207643892, 0.0006009623753666079
-0.0003274852319010116, 0.0006009389536899246
-0.0003274954203851924, 0.0006009156088421105
-0.0003275055862303988, 0.0006008923405814036
-0.00032751572945044987, 0.0006008691486668115
-0.0003275258500601582, 0.0006008460328581124
-0.0003275359480746792, 0.0006008229929158512
-0.0003275460235095006, 0.0006008000286014573
-0.00032755607638114626, 0.0006007771396771138
-0.00032756610670649303, 0.0006007543259058714
-0.0003275761145028461, 0.000600731587051401
-0.0003275860997884465, 0.0006007089228782705
-0.0003275960625817762, 0.000600686333151853
-0.00032760600290180015, 0.0006006638176383012
-0.0003276159207682691, 0.0006006413761044027
-0.00032762581620137494, 0.0006006190083178768
-0.0003276356892216476, 0.0006005967140471385
-0.0003276455398501962, 0.0006005744930615022
-0.0003276553681087344, 0.0006005523451308062
-0.0003276651740194188, 0.0006005302700258445
-0.0003276749576048696, 0.0006005082675181205
-0.000327684718888003, 0.0006004863373798166
-0.0003276944578924228, 0.0006004644793839805
-0.00032770418702260596, 0.0006004427994471772
-0.0003277139612017416, 0.0006004217335147133
-0.00032772374478090555, 0.0006004010369099262
-0.00032773350901962623, 0.0006003804181914073
-0.00032774324758343837, 0.0006003597432086831
-0.00032775295951081797, 0.0006003389688464928
-0.00032776264423162947, 0.0006003180986992803
-0.000327772301384464, 0.0006002971551752022
-0.0003277819309563766, 0.000600276168086108
-0.00032779153259132604, 0.0006002551664713978
-0.0003278011061923733, 0.0006002341733560567
-0.0003278106520912227, 0.0006002132078464394
-0.00032782017028029154, 0.000600192284584271
-0.0003278296609604035, 0.0006001714124586818
-0.0003278391246881579, 0.0006001505984227874
-0.00032784856160848676, 0.0006001298474793929
-0.00032785797201076086, 0.0006001091613135313
-0.0003278673564908775, 0.0006000885417170183
-0.00032787671519661445, 0.0006000679901432702
-0.00032788604839506925, 0.0006000475059436902
-0.0003278953566445363, 0.0006000270894207255
-0.00032790464004634525, 0.0006000067411199508
-0.00032791389881707875, 0.0005999864598832534
-0.00032792313346280324, 0.0005999662457357646
-0.00032793234403468867, 0.0005999460990891013
-0.00032794153070042897, 0.0005999260187486153
-0.0003279506939203837, 0.0005999060047362765
-0.0003279598337031404, 0.0005998860574773691
-0.00032796895017683797, 0.000599866175811626
-0.0003279780437652723, 0.0005998463597843867
-0.00032798711444314893, 0.0005998266098381423
-0.00032799616230757113, 0.0005998069248388902
-0.0003280051877536365, 0.0005997873048437052
-0.0003280141907296832, 0.0005997677503001324
-0.0003280231713081556, 0.0005997482600901155
-0.0003280321298616975, 0.0005997288342740821
-0.0003280410663179917, 0.0005997094732984002
-0.00032804998073020073, 0.000599690176056123
-0.00032805887345323573, 0.0005996709426080124
-0.0003280677443984045, 0.00059965177339725
-0.00032807659360391717, 0.0005996326673267636
-0.0003280854214105052, 0.0005996136244566708
-0.00032809422771684215, 0.0005995946452266892
-0.0003281030125489524, 0.0005995757285491387
-0.0003281117762367897, 0.0005995568744834564
-0.0003281205186688063, 0.0005995380834658497
-0.00032812923986169244, 0.0005995193544181424
-0.0003281379401367131, 0.0005995006873992109
-0.0003281466193745448, 0.0005994820828417713
-0.0003281552775844156, 0.0005994635396768712
-0.0003281639150806965, 0.000599445057962916
-0.0003281725317381652, 0.000599426638129242
-0.00032818112756009035, 0.0005994082791163407
-0.0003281897028555115, 0.0005993899809820309
-0.0003281982574944199, 0.0005993717441522397
-0.00032820679147544757, 0.0005993535675766724
-0.0003282153051036687, 0.0005993354513126878
-0.0003282237982452022, 0.0005993173957828368
-0.0003282322708952091, 0.0005992993999460475
-0.0003282407233556605, 0.0005992814638593137
-0.00032824915548985257, 0.0005992635879418326
-0.00032825756728992173, 0.0005992457711614798
-0.00032826595905547707, 0.0005992280135749589
-0.00032827433064763485, 0.000599210315598166
-0.000328282682056269, 0.000599192676208098
-0.00032829101357928183, 0.0005991750954606964
-0.0003282993250759472, 0.0005991575737688956
-0.0003283076165344655, 0.0005991401101185446
-0.0003283158882513689, 0.0005991227045651799
-0.00032832414008469955, 0.0005991053575184936
-0.00032833237202125525, 0.0005990880679731947
-0.0003283405843564643, 0.0005990708359843931
-0.00032834877694749533, 0.0005990536619586733
-0.00032835694978010057, 0.0005990365448993661
-0.00032836510314907197, 0.0005990194848612607
-0.0003283732369106123, 0.0005990024822477149
-0.0003283813510499461, 0.0005989855360709085
-0.0003283894458610787, 0.0005989686463850441
-0.0003283975211998565, 0.0005989518135904558
-0.0003284055770506974, 0.0005989350367080001
-0.000328413613707456, 0.0005989183157912813
-0.0003284216310254107, 0.0005989016512376206
-0.00032842962898855556, 0.0005988850420763137
-0.00032843760789058135, 0.0005988684883607622
-0.00032844556758639945, 0.0005988519904851145
-0.00032845350805974204, 0.0005988355474871696
-0.0003284614296040912, 0.0005988191594197492
-0.0003284693320741669, 0.0005988028266741051
-0.0003284772154534376, 0.000598786548296278
-0.00032848508003517434, 0.0005987703243388449
-0.000328492925674168, 0.0005987541551899679
-0.00032850075235354705, 0.0005987380399039918
-0.0003285085603666588, 0.0005987219785330079
-0.00032851634956811105, 0.0005987059714622978
-0.0003285241199408341, 0.0005986900177543188
-0.00032853187177831253, 0.0005986741174609178
-0.00032853960493508817, 0.000598658270964371
-0.0003285473193939427, 0.0005986424773352319
-0.00032855501544826947, 0.0005986267366248587
-0.00032856269295281076, 0.0005986110492126376
-0.0003285703518899374, 0.0005985954141772063
-0.00032857799255346746, 0.0005985798315695544
-0.00032858561479790947, 0.0005985643017661317
-0.0003285932186055972, 0.0005985488238536737
-0.0003286008042704267, 0.0005985333978823759
-0.00032860837164676835, 0.0005985180242261923
-0.00032861592071698636, 0.0005985027019795497
-0.00032862345177496716, 0.0005984874311925233
-0.00032863096467529006, 0.0005984722122359653
-0.00032863845939989065, 0.0005984570442121237
-0.00032864593624323856, 0.0005984419271707509
-0.00032865339505935197, 0.0005984268614799467
-0.0003286608358303862, 0.0005984118462497255
-0.000328668258850671, 0.0005983968815292747
-0.00032867566397456436, 0.0005983819676840506
-0.000328683051184321, 0.0005983671038315295
-0.00032869042077385356, 0.0005983522900207323
-0.0003286977725975663, 0.0005983375266142111
-0.0003287051066374977, 0.0005983228127371735
-0.000328712423187923, 0.0005983081484381208
-0.00032871972210328157, 0.0005982935340769165
-0.00032872700336520933, 0.0005982789687862179
-0.0003287342672683205, 0.00059826445261415
-0.000328741513666846, 0.0005982499859180308
-0.0003287487425422446, 0.0005982355678378082
-0.0003287559541894098, 0.0005982211984212956
-0.0003287631484625204, 0.0005982068780229028
-0.0003287703253428588, 0.0005981926057902594
-0.0003287774851254852, 0.0005981783817706557
-0.0003287846276643793, 0.0005981642063159491
-0.00032879175294077347, 0.0005981500785809677
-0.0003287988612496068, 0.0005981359986126849
-0.000328805952444987, 0.0005981219667602223
-0.00032881305604997907, 0.0005981081499810866
-0.0003288202099698609, 0.0005980947560302561
-0.0003288273630785296, 0.0005980815240715316
-0.00032883449796096783, 0.000598068302780065
-0.00032884161079026067, 0.0005980550255290266
-0.00032884870103004783, 0.0005980416788916207
-0.00032885576846583103, 0.0005980282692417437
-0.00032886281319820595, 0.0005980148170425093
-0.00032886983514623426, 0.0005980013403889243
-0.0003288768345273848, 0.0005979878598384513
-0.00032888381140459664, 0.0005979743883440368
-0.0003288907661387391, 0.0005979609396050447
-0.0003288976989124912, 0.0005979475198907765
-0.0003289046101730585, 0.0005979341371551874
-0.0003289115001562058, 0.0005979207931479187
-0.0003289183693340082, 0.0005979074924286523
-0.00032892521794407125, 0.0005978942343485571
-0.00032893204644538073, 0.0005978810218069215
-0.00032893885505139246, 0.0005978678530830726
-0.0003289456441909192, 0.0005978547303815568
-0.0003289524140437988, 0.0005978416515828075
-0.0003289591650044462, 0.0005978286186472408
-0.0003289658972182673, 0.000597815629346314
-0.00032897261104689653, 0.0005978026855750212
-0.0003289793066043666, 0.0005977897850998669
-0.00032898598422303533, 0.0005977769298072603
-0.00032899264398976837, 0.0005977641174862246
-0.0003289992862118418, 0.0005977513500253224
-0.0003290059109522178, 0.0005977386252379078
-0.0003290125184968128, 0.0005977259450120766
-0.0003290191088886339, 0.0005977133071813419
-0.0003290256823952718, 0.0005977007136290315
-0.0003290322390423725, 0.000597688162204781
-0.00032903877908188, 0.0005976756547843384
-0.00032904530252467505, 0.0005976631892308797
-0.0003290518096094578, 0.0005976507674109028
-0.0003290583003343734, 0.0005976383872000869
-0.00032906477492664255, 0.0005976260504548959
-0.00032907123337363694, 0.0005976137550629984
-0.0003290776758927489, 0.0005976015028705855
-0.0003290841024617662, 0.0005975892917770633
-0.00032909051328986117, 0.0005975771236182902
-0.0003290969083467805, 0.0005975649963053223
-0.0003291032878344942, 0.0005975529116639517
-0.0003291096517158593, 0.0005975408676166365
-0.00032911600018657706, 0.0005975288659791554
-0.0003291223332035441, 0.0005975169046854586
-0.0003291286509571219, 0.0005975049855412255
-0.00032913495339899573, 0.0005974931064919404
-0.0003291412407151585, 0.0005974812693333271
-0.00032914751285277073, 0.0005974694720223249
-0.00032915376999391883, 0.0005974577163447612
-0.0003291600120818703, 0.0005974460002687432
-0.0003291662392954178, 0.0005974343255703708
-0.00032917245157450075, 0.0005974226902290516
-0.00032917864909503186, 0.0005974110960112513
-0.00032918483179395955, 0.0005973995409074781
-0.00032919099984488954, 0.0005973880266745792
-0.0003291971531822084, 0.000597376551314194
-0.00032920329197731784, 0.0005973651165734857
-0.0003292094161625075, 0.000597353720465324
-0.00032921552590749556, 0.0005973423647272322
-0.0003292216211423858, 0.0005973310473829507
-0.00032922770203535717, 0.0005973197701606768
-0.0003292337685150061, 0.0005973085310951649
-0.0003292398207482003, 0.0005972973319051643
-0.0003292458586619316, 0.0005972861706362171
-0.0003292518824219453, 0.0005972750489977697
-0.00032925789195390457, 0.0005972639650461168
-0.0003292638874228384, 0.0005972529204814046
-0.00032926986875303515, 0.0005972419133707812
-0.0003292758361085622, 0.0005972309454051978
-0.0003292817894128436, 0.0005972200146623031
-0.0003292877288292193, 0.0005972091228238628
-0.0003292936542801113, 0.0005971982679782288
-0.00032929956592831524, 0.0005971874517980184
-0.0003293054636952569, 0.0005971766723821797
-0.00032931134774358636, 0.0005971659313943147
-0.00032931721799373226, 0.0005971552269437934
-0.00032932307460782373, 0.0005971445606851549
-0.00032932891750575723, 0.0005971339307381616
-0.0003293347468490984, 0.0005971233387485263
-0.0003293405625573356, 0.0005971127828462733
-0.0003293463647916187, 0.0005971022646682868
-0.00032935215347069393, 0.0005970917823549025
-0.0003293579287555679, 0.0005970813375341285
-0.0003293636905645598, 0.0005970709283564352
-0.00032936943905828277, 0.0005970605564410952
-0.00032937517415448675, 0.0005970502199488304
-0.0003293808960136669, 0.0005970399204901487
-0.000329386604553053, 0.0005970296562358127
-0.0003293922999331168, 0.0005970194287877138
-0.00032939798207061183, 0.0005970092363266107
-0.0003294036511257076, 0.0005969990804457155
-0.0003294093069982476, 0.0005969889615895659
-0.00032941500203250145, 0.0005969790938272739
-0.0003294207378719337, 0.0005969694979611423
-0.00032942646915460537, 0.0005969599834112906
-0.00032943218385720507, 0.0005969504562977109
-0.0003294378795097681, 0.0005969408805255277
-0.00032944355576471795, 0.0005969312509456258
-0.0003294492126799714, 0.0005969215770834088
-0.0003294548503899597, 0.0005969118738119094
-0.0003294604690715933, 0.0005969021564143737
-0.0003294660689495382, 0.0005968924382947463
-0.00032947165029689643, 0.0005968827301935644
-0.00032947721342710883, 0.0005968730401903848
-0.00032948275868103854, 0.0005968633740624082
-0.0003294882864146892, 0.0005968537357554088
-0.0003294937969880775, 0.0005968441278430704
-0.0003294992907568341, 0.0005968345519191491
-0.0003295047680659588, 0.000596825008906272
-0.0003295102292461228, 0.0005968154992860413
-0.0003295156746111962, 0.0005968060232623117
-0.00032952110445764153, 0.0005967965808725724
-0.0003295265190642628, 0.0005967871720603633
-0.0003295319186925003, 0.0005967777967211033
-0.00032953730358682145, 0.0005967684547289166
-0.0003295426739767469, 0.0005967591459518688
-0.0003295480300768011, 0.000596749870259815
-0.00032955337208789436, 0.0005967406275274559
-0.0003295587001986477, 0.0005967314176353129
-0.00032956401458571205, 0.000596722240469195
-0.00032956931541529, 0.0005967130959195571
-0.0003295746028432599, 0.0005967039838803932
-0.0003295798770167713, 0.0005966949042483037
-0.000329585138074052, 0.0005966858569219125
-0.00032959038614576623, 0.0005966768418011826
-0.00032959562135501547, 0.0005966678587870812
-0.00032960084381840424, 0.0005966589077811852
-0.00032960605364624963, 0.0005966499886855425
-0.00032961125094304786, 0.0005966411014027897
-0.0003296164358079321, 0.0005966322458357116
-0.00032962160833509665, 0.000596623421887387
-0.0003296267686141546, 0.0005966146294610504
-0.000329631916730457, 0.0005966058684602019
-0.00032963705276547556, 0.0005965971387887237
-0.00032964217679685195, 0.0005965884403506429
-0.0003296472888989207, 0.0005965797730502251
-0.00032965238914281145, 0.0005965711367920064
-0.0003296574775971083, 0.0005965625314807299
-0.0003296625543271568, 0.0005965539570214606
-0.00032966761939588936, 0.0005965454133194381
-0.00032967267286432295, 0.0005965369002803665
-0.00032967771479079405, 0.0005965284178099514
-0.0003296827452318904, 0.0005965199658143149
-0.0003296877642423791, 0.00059651154419991
-0.00032969277187520896, 0.0005965031528732942
-0.000329697768181749, 0.0005964947917414227
-0.0003297027532119486, 0.0005964864607114168
-0.0003297077270141431, 0.0005964781596907795
-0.000329712689635596, 0.0005964698885871645
-0.0003297176411222668, 0.0005964616473086639
-0.0003297225815191433, 0.0005964534357636021
-0.0003297275108699423, 0.0005964452538604211
-0.0003297324292176321, 0.0005964371015080247
-0.000329737336604127, 0.0005964289786155219
-0.00032974223307056166, 0.0005964208850923097
-0.0003297471186572451, 0.0005964128208479796
-0.00032975199340401555, 0.0005964047857924796
-0.0003297568573495723, 0.0005963967798359545
-0.0003297617105323508, 0.0005963888028889358
-0.00032976655299008433, 0.0005963808548622004
-0.00032977138475994794, 0.0005963729356667033
-0.0003297762058785477, 0.0005963650452137215
-0.00032978101638209557, 0.0005963571834149028
-0.0003297858163062808, 0.0005963493501820382
-0.0003297906056864145, 0.0005963415454272563
-0.0003297953860667505, 0.000596333776254738
-0.00032980021424240105, 0.0005963262281818546
-0.000329805080419517, 0.0005963188834460326
-0.0003298099440107121, 0.0005963115950929498
-0.0003298147921767963, 0.0005963042903167775
-0.00032981962273001287, 0.0005962969450178845
-0.0003298244373325918, 0.0005962895567799173
-0.0003298292341727807, 0.0005962821318291005
-0.00032983401351096523, 0.0005962746844889225
-0.00032983877752146816, 0.000596267227264571
-0.0003298435245390251, 0.0005962597686678947
-0.0003298482549237542, 0.0005962523192357308
-0.00032985297094102707, 0.000596244885477132
-0.00032985767099652665, 0.0005962374697283646
-0.00032986235549485403, 0.0005962300770600788
-0.0003298670267184986, 0.0005962227096020192
-0.00032987168306464795, 0.0005962153664072652
-0.00032987632491094624, 0.0005962080501612621
-0.00032988095450031245, 0.0005962007613641235
-0.00032988557018070184, 0.0005961934980152713
-0.0003298901722768438, 0.0005961862621084855
-0.00032989476297797893, 0.0005961790537366554
-0.00032989934057769206, 0.0005961718706893249
-0.0003299039053484833, 0.0005961647148274329
-0.00032990845943118826, 0.0005961575861910758
-0.00032991300107214106, 0.0005961504825734976
-0.0003299175305006898, 0.0005961434058246503
-0.0003299220498182749, 0.0005961363559948685
-0.00032992655723307427, 0.0005961293309093572
-0.0003299310529397555, 0.0005961223324159164
-0.0003299355390089497, 0.0005961153605739443
-0.0003299400136183759, 0.0005961084132349278
-0.00032994447693583694, 0.000596101492237542
-0.0003299489310076752, 0.0005960945976440144
-0.00032995337398743365, 0.0005960877273262168
-0.00032995780602125454, 0.0005960808831099978
-0.0003299622291359993, 0.0005960740650570597
-0.0003299666414661622, 0.0005960672710575468
-0.0003299710431410705, 0.0005960605029230932
-0.000329975436172547, 0.0005960537607139468
-0.00032997981867952456, 0.000596047042337807
-0.0003299841907774949, 0.0005960403495920481
-0.0003299885544668555, 0.0005960336825353463
-0.00032999290785396847, 0.0005960270390929552
-0.0003299972510435518, 0.0005960204210477451
-0.0003300015860268258, 0.0005960138284570929
-0.000330005910899815, 0.0005960072592633635
-0.0003300102257587479, 0.0005960007152354292
-0.0003300145325880281, 0.0005959941964293894
-0.00033001882947516353, 0.0005959877008045748
-0.0003300231165093863, 0.0005959812301160514
-0.00033002739566964656, 0.000595974784418499
-0.0003300316650369024, 0.00059596836168835
-0.0003300359246948408, 0.0005959619636668378
-0.00033004017661816327, 0.0005959555904073603
-0.000330044418882126, 0.0005959492399031732
-0.00033004865156618853, 0.0005959429138819603
-0.0003300528766417648, 0.0005959366123957844
-0.00033005709217972504, 0.0005959303334547031
-0.0003300612982556162, 0.0005959240787728388
-0.0003300654968388641, 0.0005959178484009959
-0.00033006969230942566, 0.0005959116641319186
-0.00033007395568277056, 0.000595905709469459
-0.0003300782418850685, 0.0005958998814896493
-0.00033008252062737887, 0.0005958940774133636
-0.0003300867847079967, 0.0005958882507310288
-0.0003300910328343233, 0.0005958823866993826
-0.0003300952654141078, 0.0005958764875834141
-0.00033009948320356227, 0.0005958705611548734
-0.0003301036858299512, 0.0005958646176095881
-0.00033010787332499593, 0.0005958586670462001
-0.00033011204593992756, 0.0005958527181407649
-0.0003301162040472187, 0.0005958467777583621
-0.0003301203480842441, 0.0005958408510316543
-0.00033012447887088804, 0.0005958349422431995
-0.00033012859730261184, 0.0005958290528542104
-0.0003301327030796247, 0.000595823183814684
-0.0003301367962672941, 0.000595817335894913
-0.000330140877110477, 0.000595811509668687
-0.0003301449459369536, 0.0005958057055514711
-0.0003301490031077227, 0.0005957999238485194
-0.00033015304934339777, 0.0005957941653926849
-0.00033015708542490866, 0.0005957884293192422
-0.00033016111092949523, 0.0005957827150613746
-0.00033016512579701993, 0.0005957770224401102
-0.0003301691301487757, 0.0005957713514657333
-0.00033017312419336806, 0.0005957657022411799
-0.0003301771081782429, 0.0005957600749145601
-0.00033018108271791095, 0.0005957544702426273
-0.00033018504849397927, 0.0005957488873628069
-0.0003301890049903115, 0.0005957433257306473
-0.00033019295206096705, 0.0005957377851915995
-0.0003301968897474577, 0.0005957322657775063
-0.0003302008181848986, 0.0005957267676088186
-0.000330204737552485, 0.000595721290846123
-0.0003302086484027671, 0.0005957158362446705