-0.01606208095206128, -0.003572485438248873
-0.015548341226422313, -0.0028918110784093764
-0.014802440038956107, -0.003151498511730303
-0.014996057458987537, -0.002608883889317656
-0.01547630757256415, -0.0022995803305580556
-0.015941114574932868, -0.0022183583538938484
-0.015924551047665155, -0.0023025535975933734
-0.01562671483479505, -0.002495333272620595
-0.01547917607158719, -0.002573378746044074
-0.01566225944215173, -0.002712879201918805
-0.015801122933766877, -0.0027424184401826516
-0.015760720833777407, -0.0026821405746710087
-0.015676647116198227, -0.002538806063473477
-0.015674815926219998, -0.0024248351414072147
-0.0157701583031214, -0.0024533511357241102
-0.015791153056899477, -0.002551402329775479
-0.015760835580587572, -0.0026910756239548633
-0.015772444236132138, -0.0028145648814118657
-0.01581410489104308, -0.0028219363381894137
-0.015862742095915993, -0.00282877415284081
-0.015874089236025977, -0.0028091596463269077
-0.015880893220981393, -0.002788595876099082
-0.015931486296718776, -0.0028046524810101683
-0.015929568102233577, -0.002841614831902316
-0.015975460633302765, -0.0030284099418678248
-0.016031330119442282, -0.003217409861677412
-0.016115229242823426, -0.003621096290956929
-0.01620967927644166, -0.0037962521951357504
-0.016301927442004337, -0.004376539739849239
-0.01633565289252745, -0.005045299017974004
-0.0166687946545624, -0.005587328710345651
-0.016910343032036437, -0.00611838666153767
-0.016997836371058308, -0.006450322122739403
-0.016960516246880778, -0.007041294596776671
-0.016902937883126096, -0.007961148108353387
-0.016951909619672727, -0.008372999678407387
-0.01703967829724694, -0.008841405172370496
-0.01746556725426889, -0.009256101440181064
-0.01777285474158466, -0.009521750283707539
-0.018006593911338666, -0.010293612314049835
-0.018364721074705045, -0.010562595407432143
-0.018451598892901346, -0.01142894835671438
-0.018672965897281145, -0.011691527236908557
-0.01894742601191002, -0.012003918455118306
-0.01920767774243879, -0.012677026825654067
-0.019724872359336322, -0.013145739329729953
-0.020089386102369655, -0.0136256134904109
-0.020427306727731884, -0.014202424207731122
-0.020566894452534606, -0.014695992040924004
-0.02064507897110823, -0.015522899412085445
-0.020856355379578372, -0.01565013029701627
-0.021205844978071646, -0.01623094326030032
-0.021784956642321825, -0.017033949713496276
-0.022267051551141843, -0.017864260675659046
-0.022596382843176093, -0.019698230241340358
-0.022565543606635888, -0.020370340718894854
-0.022660808517639054, -0.022457564908190814
-0.02271678133859715, -0.023163509709733788
-0.0229598271815534, -0.023865631755893596
-0.023467455976604153, -0.024726472631318764
-0.023728629954740964, -0.024866749737752984
-0.023909647316676497, -0.025221941660748197
-0.024038663665272107, -0.025147239922797472
-0.023854630420361286, -0.025359533346549126
-0.02385027251255932, -0.025367501715118302
-0.024021422157060785, -0.025952852689747206
-0.024252712396741594, -0.02656068975786882
-0.024542930969066967, -0.026812170866869343
-0.02478704579238321, -0.027664362366732347
-0.025085219870218514, -0.02850513034710395
-0.025285958193171174, -0.028875738920716324
-0.025399623739998538, -0.03022317620194149
-0.025363288508631253, -0.03049305538592032
-0.025402625227979595, -0.030572540896634522
-0.02552337136802203, -0.030721236984280094
-0.025760029581407554, -0.03085966189280737
-0.026020111627889062, -0.031126991504672116
-0.026508860225493914, -0.031252869673654614
-0.02674808385837988, -0.03136421615513459
-0.027225580516636705, -0.03165915350770734
-0.027366323823310907, -0.03225990674527267
-0.02751743962643201, -0.032653957209281034
-0.02760982237671026, -0.03373137719494109
-0.027692100066950602, -0.03406495661659513
-0.027846893171118752, -0.03431267819574343
-0.028087664825094286, -0.03467800480348473
-0.02813177150045496, -0.034820902935724006
-0.02806524304760525, -0.03486722865489212
-0.02794151024969855, -0.03477218360195314
-0.027951411860876, -0.03467356420375771
-0.028004673821288503, -0.034633954052519705
-0.02801136224184262, -0.034655695617144266
-0.028028751762216943, -0.0347230166556653
-0.027996252252206665, -0.0347137693854566
-0.028026686561962257, -0.03482732866003697
-0.02804817143351658, -0.034908486204796786
-0.028008765149123406, -0.03493320351919053
-0.02790040057890237, -0.034955541090302626
-0.02776510869448761, -0.0348656793836929
-0.027755388928753094, -0.03488768025355641
-0.027805250292675398, -0.03494670730897143
-0.027856384585388885, -0.03503300253075681
-0.02785871500405193, -0.03508430836397841
-0.02780617681933399, -0.03506032840546736
-0.027801077836703905, -0.03506071030444272
-0.027824981270109805, -0.0350628685100875
-0.027825139394881095, -0.03503667268146238
-0.027828857203800624, -0.03503255002037654
-0.027757242416106432, -0.03497906049195035
-0.027786851146963127, -0.03503475252418366
-0.027814499520125477, -0.03509068537981869
-0.027843839311147277, -0.035120360653354776
-0.027844103067376037, -0.035120625348961126
-0.027794880203299243, -0.03503922769756922
-0.02782236774283576, -0.03503759116295076
-0.027824825491108426, -0.03503925150515375
-0.027824088607713692, -0.03504046705924001
-0.027850597366839727, -0.035095542070793205
-0.027805227732559067, -0.035045905927163286
-0.027807925561911202, -0.03507437457419984
-0.027835851083993553, -0.03510237068833048
-0.027837316314719245, -0.03510250728687373
-0.02783939173389578, -0.03510295867466884
-0.027793837420710513, -0.03502246814823107
-0.02782068493486873, -0.03502316961287857
-0.02782424188718965, -0.035078551659300745
-0.02784814863913823, -0.03510637520221199
-0.027850904303049234, -0.03513460953929657
-0.027831891967640205, -0.03508047873649235
-0.02783291881730303, -0.03508081088796098
-0.02783563606349846, -0.035081318777201734
-0.027858154161999302, -0.03508193739406181
-0.027860841392909917, -0.03511006062243664
-0.027815457027641866, -0.03506070541024619
-0.027843297340363702, -0.035088785762521495
-0.02787065329124164, -0.035116927734723524
-0.02787164081531545, -0.03514307325624095
-0.02789689787284803, -0.035143217671136553
-0.027849989301515506, -0.03506432976141848
-0.02785162045099553, -0.03509237874218228
-0.027879149619371362, -0.0350927172363428
-0.02788201393522507, -0.035120803676481106
-0.027907888304682344, -0.035148769155836035
-0.027861405337818206, -0.03509531529542175
-0.02788974259974579, -0.03512489715967792
-0.027892397910949968, -0.035125641396158855
-0.02791703107904521, -0.035153732078121516
-0.02791708357383617, -0.03515403905769135
-0.027871403287658785, -0.03510078110339593
-0.027873355136154524, -0.03510195246875073
-0.0279008720942697, -0.03512985267083201
-0.02790158215087797, -0.035157816503036204
-0.027929656563535476, -0.03515585138767178
-0.027888572322551448, -0.035107949178991946
-0.027890431459532246, -0.03510829262565293
-0.027892976316034327, -0.03510691587991263
-0.027914350862513166, -0.03510768682507684
-0.027916720922744827, -0.035135814745507636
-0.027871256984990194, -0.035084433117097295
-0.02789829673409631, -0.03511251956009773
-0.02789887833230322, -0.03511329120137437
-0.02792274958001356, -0.03511430018010327
-0.027923537158047972, -0.03514193540912901
-0.027881583266674528, -0.035062456246855986
-0.02788379845054107, -0.03506326976578673
-0.02790946334295714, -0.035093194764269586
-0.027911441582999682, -0.03509427403373311
-0.02793678704960472, -0.035122255115922395
-0.027870881866938077, -0.035043129357841644
-0.0278992615839493, -0.03507256484801796
-0.02790006544469527, -0.035073228335230425
-0.027897590386350365, -0.03510191983662657
-0.027924551663772258, -0.03510263157107355
-0.027857137016827835, -0.03505304055718768
-0.027885116914529037, -0.03505378850187048
-0.027913178442027623, -0.03508164593936872
-0.027910811574302162, -0.035082964333248055
-0.027912576393058847, -0.035110867069221244
-0.027869404474188224, -0.03503345133610211
-0.02789642703953627, -0.035061088222601434
-0.027899046640061504, -0.035061796846409185
-0.027926383129149333, -0.03506250755017531
-0.027925430715795157, -0.035090855661898394
-0.027880467626079333, -0.03501536229108071
-0.02790997271175706, -0.03504318115298164
-0.02791114909995293, -0.035043816954645306
-0.02791264348938533, -0.03504595391141461
-0.02794105815286702, -0.035073397602894456
-0.027873727167940857, -0.03499413825876212
-0.027899837558889588, -0.0350240739051766
-0.02792754653894334, -0.03505215997213028
-0.027926995539379086, -0.035079938429121875
-0.027927213073308813, -0.0350809373059578
-0.02788664836498146, -0.0350286352897569
-0.027915417963968393, -0.03502912024291562
-0.027915359712655668, -0.0350316692183898
-0.027913411193709898, -0.03505976687725156
-0.02794056686022764, -0.03506045136897894
-0.02787133789015014, -0.03498710596830083
-0.027898725759682972, -0.03501505545633221
-0.02790188514143311, -0.03504284891749775
-0.027925863083034953, -0.03504332830739409
-0.027925915485211807, -0.03507002340805412
-0.027880941292925322, -0.0349944784973757
-0.027885655249546476, -0.03499506867041721
-0.0279138949896848, -0.035022588945233385
-0.02791411114977044, -0.03502370305833918
-0.027941829710978597, -0.035051401250949896
-0.027872600493607385, -0.034979993023113234
-0.027901509601228263, -0.034983919282253334
-0.027905009108893743, -0.03501359888703103
-0.027905357867098867, -0.035043278807993274
-0.027929368690313188, -0.03504392337845355
-0.027863862299684145, -0.03496986300884131
-0.027892938098667396, -0.034999149868715544
-0.02756843866944487, -0.036860586171586524
-0.027920299955879704, -0.03748266397820645
-0.02849094478490321, -0.03702171719023901
-0.028892999531006318, -0.03724361646373254
-0.02891568739426794, -0.038139498532715484
-0.02876733081061381, -0.038495913814064545
-0.02866394537327416, -0.038543969530223224
-0.02859165499825053, -0.03896452625536014
-0.02879939025347834, -0.03910561903286714
-0.028805196235978665, -0.03936576284996515
-0.028961630271538898, -0.03962704136801134
-0.02911212511673164, -0.03922096516653078
-0.029251610735393663, -0.03957092242192975
-0.0291232968710221, -0.039241482710792024
-0.02902522123499619, -0.03945579159830892
-0.028781339039567876, -0.03938824948845812
-0.028574363931224533, -0.03928622666394964
-0.02858071437390262, -0.03927202138781908
-0.02862551958410978, -0.039213447210393014
-0.028907385460438313, -0.039503270614427266
-0.02900523811629141, -0.03937610865831025
-0.029040709796465756, -0.039453308143553224
-0.028944778786378703, -0.039439840863643195
-0.028755034976182828, -0.03924084527006233
-0.02876563998717849, -0.03932501802423925
-0.02877960658695225, -0.03924790298052659
-0.02886037534730438, -0.03930939736773618
-0.02890601654827972, -0.03934983932755082
-0.028777848995114163, -0.03921013977978208
-0.028671525618353462, -0.03931939867291458
-0.02859598644144586, -0.0393636019758443
-0.028612859362198945, -0.03946153916104467
-0.028584676153958016, -0.0391740036591508
-0.02848492485975611, -0.039288007572455416
-0.028466119839832625, -0.03923256264636142
-0.02835160679038717, -0.039163844358354676
-0.028248584313971897, -0.03906743065685432
-0.02809998899180057, -0.03905867133692847
-0.027979051345878907, -0.039098068886776284
-0.02803118772340514, -0.03895101318957457
-0.028170196468894886, -0.038685176175650315
-0.028143419486578777, -0.03869466075947704
-0.028250865804558767, -0.038419475645625346
-0.028707731018989158, -0.038683581914733686
-0.029269326444953076, -0.038474266487871375
-0.030251503144582033, -0.03825500127397132
-0.0316386472104952, -0.038505255135798666
-0.032022498618363204, -0.038191209837723034
-0.03229121121333105, -0.03851825194797223
-0.03073438075162946, -0.038815806907678926
-0.028684309717240602, -0.03876902196840372
-0.027330235126118353, -0.038583258703991624
-0.027100668304274052, -0.038394031133326616
-0.027871205289814047, -0.03820994085184511
-0.02835334153780043, -0.03798803436287488
-0.028241629415209826, -0.03801015925890142
-0.02800388948076313, -0.038040017470262665
-0.02795048097161353, -0.03806187612728877
-0.028014295842372278, -0.03805694604082342
-0.028052361159437874, -0.03815449489441561
-0.028017177257181995, -0.038120503092758454
-0.027998110648390754, -0.03807936780992797
-0.028032892684794888, -0.03806623257500807
-0.028005321972589443, -0.03795768707272516
-0.028008161969780582, -0.03796744428682315
-0.027975250169350388, -0.03800234951228244
-0.02800114115016692, -0.03808408426500496
-0.028005882680646743, -0.03814022757488753
-0.027943619869688022, -0.03804262324350676
-0.027958149877954058, -0.038018006090108
-0.0279722473811105, -0.03798563385864524
-0.027999203278515537, -0.03795964658010296
-0.028010820021671445, -0.03799290004333661
-0.027933851619321413, -0.03792429366905189
-0.027957186833976317, -0.03797888585604337
-0.02795008848381251, -0.038010065475604114
-0.02796010165206774, -0.03801400082397965
-0.027986008683415126, -0.038013210735014236
-0.027920664432278346, -0.03791248568610097
-0.02794022506959124, -0.03788674762857067
-0.027935392434205997, -0.03791451957727931
-0.027953836207020664, -0.03794330108419946
-0.027946647108648894, -0.03797566021474871
-0.027867347456816127, -0.03790725783081628
-0.027887081401923128, -0.03790952545957227
-0.027884341838075498, -0.0379093329382196
-0.02790249441714838, -0.03790908341435567
-0.02791897903209476, -0.03790943878626925
-0.027846903172871206, -0.03783394715478644
-0.027838924936901245, -0.03786270359771911
-0.02785488148351358, -0.03789160121807743
-0.027845579609868446, -0.037920923371860336
-0.027865020808325664, -0.03791993185936393
-0.027795979295028524, -0.037818695385015644
-0.02781484383777131, -0.037820122068999026
-0.027808881597951075, -0.03784510046837963
-0.02782439933858356, -0.03784546955870547
-0.027817315832858482, -0.03787209244478933
-0.027768164651090117, -0.03780230903418053
-0.027763724652189282, -0.03782734416998369
-0.027782566905743076, -0.037827192340815996
-0.02777532971679589, -0.03782763541500658
-0.027794636347323723, -0.037827659357900646
-0.027720100500109094, -0.03775203033417771
-0.027735407152860856, -0.03778083241612095
-0.027726002323167808, -0.03778181263189007
-0.027742328309759708, -0.03780935221197268
-0.027735126590725846, -0.037834420625199774
-0.02766458213746469, -0.03773239565671763
-0.027683934701694477, -0.03775845324943122
-0.027699330568495144, -0.03775849623037175
-0.0276908933029116, -0.03778595856425333
-0.02761091699330997, -0.03770921112213385
-0.027635462401751982, -0.03771340390926562
-0.02765308394520469, -0.03774178815887419
-0.02764524867315193, -0.03776869003927066
-0.027663188811789172, -0.03776608680718968
-0.027584131480264625, -0.03768713287190303
-0.027583295100295602, -0.03769111676611889
-0.027602512585941968, -0.037717332503022234
-0.02815792449496512, -0.03763321410382756
-0.028798424735443313, -0.03962203290610743
-0.03000208977976049, -0.038719050976983346
-0.03062987865288304, -0.03899596064433271
-0.03076904129996948, -0.03923315231023098
-0.030506980761463923, -0.03934188756260967
-0.030296928859202283, -0.039438183157175226
-0.03027082259160474, -0.03932632063256709
-0.030376111401169578, -0.03937992328197264
-0.03042911643190069, -0.03935389827175247
-0.03042394597202049, -0.039206127167497454
-0.03033714144556777, -0.039146323162920625
-0.03023500873746944, -0.0389919307613551
-0.03029421433584094, -0.039041824197572836
-0.03028343558556257, -0.039053186569133765
-0.03025822143614272, -0.038585031053331255
-0.030323362361391867, -0.03845433509010811
-0.030131661018754703, -0.03810426210961872
-0.030035462685571664, -0.0377965268460021
-0.029838895979132873, -0.03732237074582014
-0.02954819953515658, -0.03662064670400242
-0.029362167714808002, -0.03620261261073589
-0.02917214230148333, -0.03538441585051691
-0.029022608963210402, -0.03465919816875668
-0.028960399159136126, -0.034114844561520544
-0.028866904440155577, -0.033760118544833205
-0.028730658353884147, -0.03318102949529896
-0.02851965403966543, -0.03261472366450264
-0.028181475821566177, -0.0318168812217746
-0.027738195852727063, -0.031185254378595626
-0.027459104283764926, -0.03102350499315125
-0.026700892720486334, -0.02967630376217167
-0.026116467711909265, -0.02881708996865875
-0.02577164621229322, -0.027566666946697686
-0.02548034278120263, -0.026201278370826087
-0.025041701580405643, -0.024159397795325117
-0.02454366230628662, -0.023579415662173142
-0.023778629276098168, -0.02235387933717699
-0.023450919424189934, -0.020848934130384408
-0.023257363532478502, -0.020254221531696176
-0.023075250428272506, -0.019105365614867132
-0.02286809412289213, -0.017887746752893667
-0.02211390734966888, -0.0176306386524568
-0.021205835653990642, -0.016709415278408087
-0.02015139683403338, -0.014355082564591672
-0.01886593028123166, -0.013883365314947561
-0.01768264862442669, -0.012650451019757985
-0.017237845959862445, -0.011292664430686813
-0.017074930974801148, -0.009824165124382105
-0.0171493365318193, -0.00833562618551612
-0.016824372119066948, -0.006653546966259532
-0.016131847788950257, -0.00553208155527718
-0.015332421064800855, -0.004238143845852619
-0.014383779565134485, -0.003478094969335978
-0.01367905344959707, -0.0017714504839264008
-0.012884835878639436, -0.001322053513712758
-0.012293625649540408, -0.00027375776077360765
-0.01192027437181439, 0.0009320897531837337
-0.011774903389706002, 0.0020030349091175927
-0.011541488848618942, 0.0037199383700307074
-0.011399747458508655, 0.005267698879802026
-0.010817267100003173, 0.005763721584820738
-0.010034891485153588, 0.006935300152901112
-0.009460552636665934, 0.008069888276712522
-0.008422964608515094, 0.009844775036079358
-0.007446482044981879, 0.010146481354298196
-0.007320772919414421, 0.011485329988914593
-0.0070205607336680225, 0.012938073156968618
-0.006597307246852513, 0.013288461905493857
-0.0058368756114708835, 0.015216354410662705
-0.005303874083815461, 0.015669875713584233
-0.004835858059417845, 0.016756774816247134
-0.0042960373949655, 0.017937398769667597
-0.003743850659305437, 0.019063645118461297
-0.0032380489766210005, 0.019775474726657166
-0.0029629715808663286, 0.01993942729090435
-0.003099293577488325, 0.02062550971411425
-0.0030457146023255915, 0.021779040130271984
-0.0029207013340116356, 0.022194300028637315
-0.002347606701799553, 0.02332647425776471
-0.0012787910836347682, 0.024780410546667537
-0.0008310589092966375, 0.025495529658769944
-0.0005728732120145598, 0.02642028621876602
-0.0005354077268744329, 0.026559873627979992
-0.0007210586101090863, 0.02659150814931343
-0.0006213025785735403, 0.026647744534647903
-0.0007801940865166807, 0.026619154713074425
-0.0006400685219477128, 0.02667654416652237
-0.00041713563959904474, 0.026668270442947162
-0.0003667171489856069, 0.026735522873358303
-0.0004290138329322877, 0.026821575648695677
-0.00047781152433731773, 0.026903916790225264
-0.0002380897191529793, 0.0275993288182343
-0.00020836677069134037, 0.02751807360393454
-0.0002574959801823598, 0.027520532977702836
-0.0003061006402361202, 0.027556346424716573
-0.00027635494038084636, 0.027568786582851383
-0.00012659390962782975, 0.0276512594279813
-0.00010778991683170533, 0.02761864004814276
-9.587204620686676e-05, 0.027588256309957607
-8.607756320670145e-05, 0.027563654735170535
-0.00010163935835973488, 0.027561566943462724
-8.771689995000383e-06, 0.027706372280847463
9.999810643888654e-06, 0.027737383628668635
2.4814134527157666e-05, 0.027742605681874352
4.1320602494519625e-05, 0.02774220107929291
5.305397263893122e-05, 0.0276847667980361
0.00015927415715540465, 0.027794935866701825
0.00013778480112646007, 0.02776655605986431
0.00014601432489142008, 0.027767770938663026
0.0001273534214834045, 0.027768669807659237
0.00013100592255664938, 0.027769962983513644
0.00021205715158128605, 0.027884664595639718
0.0002160605968178454, 0.027886459985532092
0.00022606710824179518, 0.027857952852508045
0.00020747224126492278, 0.02783091649061036
0.00021459951699452404, 0.027830264855048126
0.00029277318947008645, 0.02791792963424868
0.0002983848448189891, 0.027919290866240388
0.0002774406708744116, 0.02792064522672112
0.00028427365912687204, 0.027921961324184286
0.0002656271603703695, 0.027923311470869
0.00034693423321406223, 0.02800499672251416
0.00035320442065087283, 0.027977326208580542
0.00033592431033441775, 0.027979177137042573
0.00034358933079044977, 0.027951467565401875
0.0003230574855299281, 0.02792381142655764
0.00043335510481319443, 0.028038182039158196
0.00040946975322145096, 0.02804007914605136
0.00041394916146811307, 0.028041297965960953
0.00039380483276593443, 0.028013572508835245
0.0004004126877749499, 0.02798550756270465
0.00048382223377337627, 0.028072551804435488
0.0004621872932135404, 0.02807477195729776
0.00046564816234077525, 0.028047031869037495
0.00044497286418734963, 0.028048926142472123
0.0004499974755035056, 0.02804992074307654
0.0005073613524287778, 0.02813501946877128
0.0005115096506357711, 0.028107877099683626
0.0004898762055337651, 0.028108855972800828
0.0004972805153780548, 0.028082934080811812
0.0005039491197261933, 0.028054835866056706
0.0005847586967652439, 0.028167644252617526
0.0005637384630349589, 0.028169642065469763
0.0005423168045679803, 0.028171071690457804
0.0005475236808633043, 0.028144783707446896
0.0005541758922045786, 0.028145653056107046
0.000635450541665785, 0.028229260561144436
0.0006149582928755763, 0.028231019160825342
0.0006193749545538946, 0.028202606232823696
0.0006005010936787246, 0.028204459190541428
0.0005813456410278371, 0.02817672660057351
0.000665029657572675, 0.02829184343746317
0.0006704831288136329, 0.028264142182068706
0.0006779715837844564, 0.028233597165951082
0.00065833318341682, 0.02820827107722003
0.0006643515168861219, 0.02820939615160983
0.000741360725757108, 0.02829365660908932
0.0007200696848794246, 0.028295906664274
0.0006992890004409949, 0.02826835487604344
0.00070705913716851, 0.028269443828007217
0.000686834702646884, 0.028241665697427587
0.0007711589790255071, 0.02835671733650526
0.0007760962171790305, 0.028355539283959872
0.0007559372638068275, 0.028328121574002878
0.0007619631207891943, 0.028329239039202057
0.0007682648440707528, 0.028300995309580503
0.0008499044508395266, 0.028386685149236614
0.0008299151017948668, 0.028388296900591557
0.0008335871266960629, 0.02836008674832091
0.0008122920447234856, 0.028364265785573675
0.0008194848342241552, 0.028336097816233103
0.0009003876387028169, 0.02844861832198485
0.0008784436985146286, 0.02842072769364667
0.000885238843685229, 0.028422105043369107
0.00086532408858201, 0.028394430309412234
0.0008717312008767338, 0.028395419841584443
0.0009530475978683578, 0.028481378355664663
0.0009308461087061606, 0.02848188769642679
0.0009332257731109639, 0.028482885710139363
0.0009137886773759175, 0.02845534780899708
0.000920276642364961, 0.028456585898962293
0.001002027464518236, 0.02854006519949941
0.0010055044993799187, 0.028540170649800956
0.000982276270952431, 0.028512686063697744
0.00098854861897303, 0.02851407225741348
0.0009696834216054801, 0.028486141666157275
0.0010473352713947762, 0.028603788936386806
0.0010512763688755077, 0.02857670061478242
0.001054560018694263, 0.028578009759200978
0.0010342089199424005, 0.0285797854521326
0.0010145536918075954, 0.028552148520267124
0.0010926441804631193, 0.028663640874387924
0.001098468070111386, 0.028638003181726178
0.0011033824160099012, 0.028639244923810654
0.0010835788031629482, 0.02861122932737445
0.0010900212552569036, 0.02861223396300237
0.0011683021059667252, 0.028696546415665918
0.0011687297782933968, 0.028666054611065767
0.0011721765907337053, 0.02866705105588335
0.0011513348279024876, 0.028639883612935173
0.0011581583763954303, 0.02864303693039821
0.0012127058164272024, 0.028729720973982156
0.0011888525347224035, 0.028729175642661243
0.0011946850191072455, 0.028701422110623962
0.0011740649585370417, 0.028703109184648194
-0.0006807426689974985, 0.0338345302239786
-0.00014854393005632626, 0.02872094690780038
8.486011851170041e-05, 0.029053650129681415
-0.0002691017596004085, 0.0297465854492328
-0.00039314116454365464, 0.030507199866146147
-0.000214864902576974, 0.031176518999282206
-0.00017092114773037666, 0.03201310064265365
-0.00016478777034022686, 0.032688142383878835
0.00010691426875402038, 0.03335759098515132
-0.0002697409668895135, 0.033668727077655815
-0.0002684952382323659, 0.033441591270250176
-0.0003067542908654648, 0.03347862961388839
-0.00034963392959775204, 0.0335709605370702
-0.00021438141894532237, 0.0329047608307259
-0.00013849736010701258, 0.03260157628524121
-0.00029006304613412003, 0.03273831020104202
-0.0002282887380610322, 0.03226115117796761
-0.0003226353532227568, 0.032510300385406865
-0.0009007930050902571, 0.03280787815667993
-0.0010090098542160292, 0.03262522054519953
-0.0009282513768481938, 0.032805432398743464
-0.0006047567160892447, 0.032869732434206274
-0.0003353051202375099, 0.032791305359676885
-0.00042573815260029226, 0.032493890404042686
-0.000385706435325799, 0.03213000413249294
-0.0005224148020791167, 0.03217101499609543
-0.0004391414590245101, 0.032128992956531065
-0.0003608792079132821, 0.032017346075374535
-0.0002000639939545294, 0.032146405009949024
-0.00017990907090086904, 0.03233667841657249
-0.00027122021660190804, 0.03244678968856661
-0.00020217066675362738, 0.03243518779688201
-0.0002847295585186185, 0.03252676236140255
-0.0001276242075187012, 0.03246506994131039
2.9271384051262466e-06, 0.032292304242810196
0.00021402841720947265, 0.032164037980766995
0.0002754008366159398, 0.03230668243018254
0.0003050689771045801, 0.03202644851327445
0.00035162332816835053, 0.03210579544865841
0.0003353581742055936, 0.03228779007596547
0.00037009370032018183, 0.032209130921223426
0.0006263416414677049, 0.03225500768934331
0.0007171141930720934, 0.032412000118987996
0.0006929273865883415, 0.032060176696871466
0.0003463191494944768, 0.03194053586225556
-0.0001384931535292303, 0.03152969727128465
-0.0006675386959077852, 0.0314912626087347
-0.0016094676960210766, 0.031487101302792614
-0.0022259100850697037, 0.031753269974796716
-0.002452126456093186, 0.03171056591304768
-0.001159492205652306, 0.031720716648046855
-0.00010695835423579897, 0.0315609792276568
0.00024655136230813105, 0.03176476649681803
9.987856791082535e-05, 0.031831769037810626
-0.0002463809723271504, 0.03169477862853083
-0.0003840430790357791, 0.03159928716050058
-0.000182707796470437, 0.031738102494580395
-8.75986341333646e-05, 0.031812629170121995
-0.00015048250791026223, 0.031773701733700865
-0.0002323863803996466, 0.0317590327204105
-0.00019978785571867787, 0.03175611821984097
-0.00012761082905270808, 0.0318112859163145
-0.0001522636438368423, 0.031792231970925316
-0.0001803684057622585, 0.031769678229647186
-0.00016764889003765865, 0.03177390961092538
-0.00018367229113965, 0.03177833817262816
-0.00013466545869760256, 0.0318435461091996
-0.00012995559209625585, 0.03182077615598252
-0.00012305250662688098, 0.03182545297731599
-0.00014369791606442771, 0.031805687018128345
-0.00016413908480503284, 0.03178475939371639
-0.00011338982053054403, 0.031816372770503316
-0.00014333028690015305, 0.031792030954062175
-0.00017611989386510086, 0.031771260917711694
-0.00017421740895616058, 0.03177952670009275
-0.0001686276265810475, 0.031759273554020834
-0.00014441114395395986, 0.03181706377826737
-0.00017046865245976054, 0.03179598079038238
-0.00019429135099305686, 0.03177154182942877
-0.00018525460528349863, 0.031771859913780114
-0.0001797110099574976, 0.03175150104284787
-0.0001518995878865378, 0.03180906802425033
-0.00017355873974010447, 0.03178510292726163
-0.00016852562504811127, 0.03178841398801973
-0.0001869184507179848, 0.03176698465752418
-0.0001780733551547998, 0.03174224755613405
-0.00012509551154591964, 0.031800502981555324
-0.00014507705293766146, 0.03177559121133782
-0.0001406753760453781, 0.03175003290059597
-0.00015818249023638543, 0.03175391883207106
-0.00015306241024635667, 0.03172865937345552
-0.000123216808089111, 0.03178620418239517
-0.00011649063558692656, 0.0317900937082352
-0.00013726249314343343, 0.031765331260988204
-0.00013156077389948464, 0.03176562362229655
-0.00012445415388862767, 0.03174053727819838
-9.379470030347332e-05, 0.031798424193696766
-0.00011428147002921267, 0.03177150962068251
-0.00010870581071057191, 0.031771961828796096
-0.00012605489565746067, 0.03174709871590271
-0.0001205434054590986, 0.0317480247730988
-9.25857865489793e-05, 0.031777261188623486
-8.403739670469215e-05, 0.0317782838626402
-8.034678929573426e-05, 0.031750793349097084
-9.807285140199015e-05, 0.03175456716231141
-0.00011739710776104006, 0.03172743506351424
-6.31991491579839e-05, 0.03178516700891087
-5.8419187734793054e-05, 0.031757622676336604
-7.422610174139789e-05, 0.03173610413449766
-9.501153268053357e-05, 0.03170895376342318
-8.976887967077048e-05, 0.03170975377844404
-5.830764078194773e-05, 0.03173753948793431
-5.304757066007395e-05, 0.03173868284842012
-7.002333070107891e-05, 0.03171265693504259
-6.239392482209435e-05, 0.031687921946913084
-8.086814356326924e-05, 0.03168889100500004
-2.8568292067550837e-05, 0.03172139199064994
-4.7939076308830704e-05, 0.03172268285290135
-6.369369167750261e-05, 0.03169494932499279
-5.566790325314185e-05, 0.03169823068183387
-7.541378883263496e-05, 0.031671101455665734
-4.087726676591201e-05, 0.03169978099237026
-3.2833145383823966e-05, 0.031700027925132976
-5.390690974541873e-05, 0.03167288761260959
-4.7626400125136794e-05, 0.03167381940789234
-4.242755267991609e-05, 0.0316512604593918
-1.0369289900003312e-05, 0.031709165904113844
-3.0491317437073575e-05, 0.03168128620879568
-2.3944511043245326e-05, 0.03168215442020624
-4.227684596920335e-05, 0.031657505608821565
-3.730356818093068e-05, 0.031658579484044956
-4.714338085183453e-06, 0.03168789810112835
1.628158172923229e-06, 0.0316887411484304
-1.7995837758609283e-05, 0.031661359195685815
-1.1217819809647615e-05, 0.03166245616638458
-3.0116816091049587e-05, 0.03163518178955775
2.3822524793702113e-05, 0.0316645988142489
6.405847488406565e-06, 0.031639816347546944
1.27231263824696e-05, 0.03164052611701298
-6.462438131785231e-06, 0.03161549163288143
3.785587765100136e-07, 0.03161695240214638
3.347574099927515e-05, 0.031646295177410036
3.65172531454616e-05, 0.03162105086123797
1.859348965473417e-05, 0.03162217616626099
2.4535167574657463e-05, 0.03159681323498663
6.584640266810077e-06, 0.03159811026598615
3.879514857692817e-05, 0.03162719493721134
4.543760916063758e-05, 0.03159965970588645
2.7723644349519103e-05, 0.03160339610208478
1.0687511349338048e-05, 0.03157648224514342
1.6224351988724425e-05, 0.03157682041748658
4.4784963380325496e-05, 0.03160566464195915
5.1316829355666115e-05, 0.031578278194431486
5.6694712389885265e-05, 0.03158046686155774
6.178669302488052e-05, 0.03155555323111099
6.969871461679342e-05, 0.031587729593044206
7.658543547614707e-05, 0.0315888735170712
8.214537029824433e-05, 0.03156122332084043
6.243065000330747e-05, 0.03156484576767594
6.702577905627967e-05, 0.03153591475718378
-0.00046484782662971363, 0.03159027101157003
-0.00046128980764615897, 0.03257924032498162
-0.001080562470879831, 0.033114289441141115
-0.0014172195866892661, 0.03388359231912555
-0.0017567287294479965, 0.03398234296411234
-0.0018907398714195882, 0.034099294214963966
-0.0017414849907417072, 0.034142187888360105
-0.001618963123331331, 0.0341230803268511
-0.0016167477204205487, 0.03390142335694032
-0.0016619589796376378, 0.03361254056606006
-0.001608124378192711, 0.033515554589715606
-0.0015143410556119662, 0.03347868915572715
-0.0014648064796526808, 0.03352747717219196
-0.0014875853860935638, 0.03356451184346017
-0.0013111669016858739, 0.03355976678191923
-0.0011954231877894974, 0.032657428623972334
-0.0008466521937891379, 0.03254607850139283
-0.000501059452409956, 0.03229415637074395
-0.0002694109144661541, 0.031166531591498032
6.14436722533098e-05, 0.030398777589080942
0.00040780998303121044, 0.02994979200439245
0.0007541618626625733, 0.029210380372738435
0.0013757712319858034, 0.028795100720137943
0.002011530236988127, 0.02816164321187643
0.0028956893486595733, 0.02743119718074857
0.0037489242885307378, 0.027196869603518553
0.0047105271896879485, 0.0266975470274323
0.005416484903545873, 0.025964370450316777
0.00664795729904316, 0.024768777251360043
0.007604031508630579, 0.024170667730970537
0.008507805589750754, 0.02319614867814576
0.009415783847115923, 0.02152620996205436
0.010015512654228622, 0.020189624855588034
0.010748312030530555, 0.019414047253551697
0.011481345308773865, 0.017767496255392354
0.012401373242276118, 0.017079460475777596
0.013662445084669803, 0.01575886753299491
0.014843979697571631, 0.014770381856147341
0.016157023457785864, 0.013057713258152033
0.017694428596638747, 0.01190645857404049
0.019522342574595824, 0.010566779641388229
0.020853469285085132, 0.008647358330510672
0.02175529996798663, 0.006528712617793462
0.022908744554558148, 0.0053145434275630515
0.023897012737577307, 0.003001494032754814
0.02517575883388262, 0.0019113530861330091
0.02619398511283481, 0.0005326457966822483
0.027565407951551373, -0.0006022022740954426
0.02929537217658449, -0.001575370383154834
0.03122767158736511, -0.0033587128379190265
0.03271252094750481, -0.0051233185153222605
0.03396451169600102, -0.005920389949787462
0.035124939703255975, -0.007796278465225759
0.03592884082592117, -0.009329074577639809
0.03709868728102204, -0.010572631485152362
0.038002585388282, -0.011967194525538466
0.03955147925966056, -0.013013013243000613
0.04132916386296656, -0.014645374794233511
0.043416129942601515, -0.01605113335620057
0.044947271981836644, -0.01737639431656021
0.04581295448737577, -0.01926317654981218
0.04697898532164891, -0.020633859881312472
0.047926903636504085, -0.022108097314570415
0.04931317298060097, -0.023706274036200563
0.05115476451119009, -0.02563968976860661
0.052657656090488614, -0.026543272913927902
0.05429925726688041, -0.027462092342573227
0.05498769071914089, -0.028765394552758634
0.055223279647548154, -0.02887731869708755
0.05573098849845784, -0.03032339691207095
0.05630672035652049, -0.031111282384517963
0.0572149305377183, -0.03151094017359665
0.05829829850222404, -0.03264902148039233
0.05949516118576138, -0.034008900841763286
0.06056675271660188, -0.034875590583997654
0.06201714476600076, -0.036115369230852234
0.06317244040370132, -0.0373936387022789
0.06397373435033653, -0.038276924108238554
0.06424794978262274, -0.03832868270784047
0.06402010020578142, -0.03889630425664774
0.064059416891292, -0.03919325882314423
0.06450038307572914, -0.03956498375663252
0.06522751180246773, -0.03969569744476983
0.0656354817559839, -0.03979248080137756
0.06602381552024825, -0.03997741484308621
0.0660827179367789, -0.040431740572619036
0.06647569189818209, -0.040734005283474886
0.06698930652699647, -0.04174436241746093
0.06752929289300055, -0.042558739177594604
0.06799568284953869, -0.04367182179297971
0.06812478314241759, -0.044106622879424226
0.06813436937991733, -0.044425349673136445
0.06814725760875695, -0.044526965168900395
0.06825780215900433, -0.04468036337352635
0.06838151704903117, -0.04463130221991339
0.06863715921640189, -0.04440658987453552
0.06869213394389863, -0.04430185098529778
0.06881265557175806, -0.04418390658714409
0.06886371370779318, -0.04412058491966779
0.06888482901669336, -0.04417629876268098
0.06890928197656242, -0.044240304358202705
0.06892826117712074, -0.044394222134087225
0.06900444001548192, -0.044518501320069466
0.06899498655888475, -0.044608546562574354
0.06895886091250727, -0.044580493203022646
0.06898873098107013, -0.044458495134065856
0.06896774409187127, -0.04436855749544462
0.06893103635421594, -0.044335412798110464
0.06894731338174744, -0.044361742498784745
0.0689505319273689, -0.044454387323887096
0.06897687440869138, -0.04448686088513536
0.06898576164913273, -0.04457330091085062
0.06899788879639396, -0.044632541588766915
0.06897643683174527, -0.044605588435938315
0.06896308810580642, -0.04457214080490711
0.06897533891767524, -0.04448414015762857
0.06895562555330283, -0.04445263066794241
0.06896417952652073, -0.04448159549663005
0.06897059158673681, -0.04453817456922664
0.06895295253021805, -0.044627677368857116
0.06900926183967682, -0.04465822927813561
0.06898880345654516, -0.044689262340227326
0.0689777220485356, -0.044661892397035996
0.06895849272146695, -0.04462894417298745
0.06893793407872, -0.04460040027888834
0.06897893608752277, -0.0445385794151953
0.0689596888809926, -0.04456757026580724
0.06896462705930768, -0.044624893126408625
0.06900158334168212, -0.04468581074300986
0.06898016790321308, -0.04474073212813932
0.06901132782654955, -0.04471717265898145
0.0689934388959608, -0.04471613764687487
0.0690061880160294, -0.04468643297588643
0.06898647931909613, -0.04465892261018792
0.06899614606313752, -0.04468265779688409
0.06902948289454588, -0.04465420811240248
0.06901070737024095, -0.04471514439288365
0.06902063207621278, -0.04477034244768374
0.06902520131722055, -0.0447992975395291
0.06900762657373725, -0.04479976903026689
0.06901754724494673, -0.04477218775691724
0.0690010180335174, -0.04474466467086913
0.06901031723404749, -0.04474405124737937
0.06899226597064799, -0.044742324412717804
0.06899943172304529, -0.04479735739313163
0.06903427653013407, -0.044799485805249575
0.06904000478179054, -0.04482784886165182
0.06904828947926307, -0.04485691577664165
0.06902870750939717, -0.0448575949503814
0.06903992564956833, -0.04482978319015374
0.06904721761265047, -0.04480202417909999
0.06905430451029439, -0.04480277281543668
0.06903514442341914, -0.04483208051432277
0.06901795485627599, -0.04485935935408408
0.06902781285970956, -0.04488814954660306
0.06905940747678747, -0.04488824022248192
0.0690410602147668, -0.04488891828611985
0.06905183904419918, -0.04491580318463505
0.06903258702035243, -0.04488820153418687
0.06901545343001406, -0.044887355952278524
0.06905231279563426, -0.0448591853138423
0.06906043519775742, -0.04485969826170519
0.06903978307971088, -0.044888571398967694
0.06904443357417166, -0.04494778655237502
0.06905070096262197, -0.04494592129369407
0.06908406050300699, -0.044917655095265054
0.0690646790462151, -0.04491894173069601
0.06907486901319031, -0.044917383966216355
0.06905676066318196, -0.04491595692353372
0.06906731672497857, -0.04494528568063138
0.06909988868850028, -0.044916532075508324
0.06907760506356625, -0.04494571267763953
0.06908557944505059, -0.044974523001934844
0.0690674188983192, -0.04500166407259936
0.06907683432683406, -0.04500259781884951
0.06908362271141423, -0.04494395457616735
0.0690896011450387, -0.044973589219774575
0.06907190358835474, -0.04497445174416824
0.06908281263908223, -0.0450035841497063
0.06906632367123361, -0.04503306334748983
0.06909955001336192, -0.04503131775518936
0.06910810336502439, -0.045031613051897096
0.06908944631343138, -0.045061198497332144
0.06907499345023238, -0.045059835793669394
0.0690586655123354, -0.045061344241076655
0.06909288004523138, -0.04503304959595033
0.06909909019285618, -0.045033313561871374
0.07454038556432607, -0.04541550111568639
0.0727918161118891, -0.04522781991487834
0.07071656161893058, -0.04560336986895363
0.06842590570296518, -0.046053296043707205
0.06709603732468496, -0.04690229020844602
0.06732030168629312, -0.04825992658154393
0.06868209733204075, -0.048976580863253495
0.07145811970045579, -0.051229916309329715
0.0733314660632114, -0.05320541900126448
0.07471216352361663, -0.05497319911692199
0.07503789077044423, -0.05587386230615712
0.07444627156077416, -0.0562582836469697
0.07323974996926108, -0.05599173349463432
0.07144748697784156, -0.05538614572460286
0.07029032375853823, -0.053078055528584606
0.06983021436886216, -0.05149753221859556
0.06980392059758843, -0.051288351358152635
0.07039756427108464, -0.04960945480647906
0.07142590341480583, -0.04914353740469583
0.07183731779958531, -0.04911183432596512
0.07209213000923392, -0.048914146227077716
0.07217927864768686, -0.04934359553574145
0.07224707985655811, -0.050149743551485236
0.07221595878855955, -0.05062979845826001
0.07217802118175784, -0.051389768959613905
0.07221624909916068, -0.05234335948139075
0.07245266715169502, -0.052895788090460645
0.07284350658929559, -0.053268371555436046
0.0730797881220118, -0.05298039406983544
0.07315604249499229, -0.05291084536212702
0.07296843915534675, -0.052364725750667356
0.07257683504165748, -0.05167938221903786
0.07224458877357023, -0.05102243182454185
0.07207763484952354, -0.050499846072183635
0.07200873718511142, -0.05032932541950238
0.07211005553882506, -0.05022612689721775
0.0721027984139001, -0.05047338067363092
0.07215016833532002, -0.05079783436396916
0.07209171086727746, -0.051001478460307496
0.07208920303432559, -0.05145823538048332
0.07220496528552682, -0.05247883212953148
0.07216019636688178, -0.052245165168423126
0.0722080339400212, -0.05202184885733818
0.07217384114656272, -0.05241766282971595
0.07202289681431683, -0.05209401788420066
0.07178107189035554, -0.05154955212237247
0.07168644269970038, -0.0514253483963254
0.07285032347181018, -0.05168674354024794
0.07265000080352921, -0.05088299989834452
0.07261255518410932, -0.05054186998160949
0.07243886464505699, -0.050700485973584085
0.07206379592110625, -0.05026512991336362
0.07167796685378229, -0.05023791387506831
0.07155806917915783, -0.050336707786948
0.0717556675715641, -0.05051036618510441
0.0720210170482309, -0.05075313588101214
0.0720107493372242, -0.05090130531388004
0.07182747213419993, -0.05096674315013708
0.07180247482251159, -0.05090988804582791
0.07186171082067062, -0.050849100959846995
0.07192189656443519, -0.050760246202628166
0.07184470602666969, -0.05067203830437338
0.07177656628529765, -0.0506167084960297
0.07181576300532862, -0.050592426834865215
0.0718743701452449, -0.05070409083361871
0.07186429441420009, -0.050833948123540695
0.07166855330825916, -0.05113951443438865
0.07172058161542554, -0.05124159859604777
0.07178701606296317, -0.051296761721043124
0.07176195510655121, -0.051362862655027416
0.07173908335566681, -0.05133734976671177
0.07171446668373684, -0.051277556258172347
0.07170117548930503, -0.05119232262042993
0.07172613079249476, -0.05107694462973501
0.07170718981618039, -0.051074135102350066
0.0716937841319862, -0.051102083448950085
0.07170847067062254, -0.051220550423776164
0.07171709449076295, -0.05130793105829767
0.07175787758834223, -0.05137029324292246
0.07174380210051161, -0.05143245653867686
0.07172633867310442, -0.05143761177581404
0.07170700438545499, -0.051409634642424366
0.07168550490487333, -0.051349727066972085
0.07172129067216332, -0.05126317865126823
0.07170007307926321, -0.05123540598673838
0.0716833266021305, -0.05126499199207655
0.07169360640297963, -0.051323439440453644
0.07167957850111756, -0.051410047086629655
0.07171778940266378, -0.05143929532817739
0.07169673882885154, -0.05147624357550856
0.07170391553891654, -0.05151378749349497
0.07168644839679972, -0.05148653389027099
0.0716666932974172, -0.051457000406928036
0.0716975709714508, -0.051400001387470785
0.07167727654438265, -0.05137242612989566
0.0716562034579089, -0.051371379297262196
0.07166713691975098, -0.051429573349667454
0.0716775131108251, -0.051487254505109825
0.07171080148320885, -0.05151478747180307
0.0717172148193925, -0.05154973823240304
0.07169796559138589, -0.051579346273276316
0.07167449568274006, -0.05155163484650529
0.07168180842929282, -0.0515238099955043
0.0717170050558083, -0.051465788669049856
0.07169592016782457, -0.05146483398276428
0.07167628097154848, -0.051463936344989775
0.07168865728114135, -0.05152237689140277
0.07166614121060405, -0.05155157059078561
0.07170421296451472, -0.05155302080155534
0.07171143617432645, -0.05161493736258314
0.07168925271300688, -0.051618010455340584
0.07169534738669872, -0.051620694452794325
0.07167547865865857, -0.051619821092268335
0.07170787082418768, -0.05156017213817539
0.07168724599125428, -0.051561450477728255
0.07169215035954253, -0.051561873550119965
0.07167400110171065, -0.05158964745748953
0.07168450263531877, -0.0516455527311207
0.0717185748740132, -0.05164738886495181
0.07169899268289881, -0.051681188307463606
0.07170378593328304, -0.051712421416452735
0.07168495566074419, -0.05171523398010384
0.07169208528967877, -0.05171628003987657
0.07172095632829582, -0.051660694106530895
0.07170053691267711, -0.05166014442292609
0.0717066142281622, -0.05168758238335056
0.07168747529269742, -0.05171530410610878
0.07169679869105847, -0.05177139428261434
0.07172925871021014, -0.05174419802058305
0.07173759031869234, -0.051806466335742124
0.07171301500733318, -0.05181515956160853
0.07171746867043247, -0.0518239172333616
0.0717237366215266, -0.051824474823574954
0.07175641410288484, -0.05179760852415207
0.07173414980439054, -0.05179702091638892
0.0717151034722342, -0.05182487124093102
0.07172860799743278, -0.05185692225136259
0.07170524572465738, -0.05190053065944593
0.07170606428220382, -0.05207600681363854
0.07179084512874136, -0.052108447681988385
0.07179641265508918, -0.05216751366742921
0.0717659668276034, -0.05225814493359397
0.07177651559523282, -0.05228093828200887
0.07182573965198946, -0.052254562396881706
0.07183334409074624, -0.05222627651358616
0.07179142517566985, -0.05222885807395635
0.07177267160054956, -0.052199666990565705
0.07177307670220748, -0.05219578623119852
0.0718060990983382, -0.05216758106030683
0.07179056180568975, -0.052197736166250876
0.07177037316063603, -0.052253903230802694
0.07177767420689936, -0.05231167539670904
0.07178925171392524, -0.05234099805569018
0.07182050025636015, -0.052312818294377186
0.07179878283812997, -0.05231388172194044
0.07180629247846845, -0.05231274538884993
0.0717603966130358, -0.05228374875812396
0.07173905462221798, -0.05228516053097908
0.07179620248033285, -0.052227275869263234
0.07180411055018698, -0.05228552081576237
0.07178445240101278, -0.05231542706789642
0.07179430273629257, -0.052371432785339136
0.07180097136953806, -0.052400624864665506
0.0718318124356961, -0.05237159720487768
0.07181094548193483, -0.05234397375495589
0.0718194849525922, -0.05234307597367008
0.0718022368556868, -0.05234433633634135
0.07178502112173524, -0.0523413426058709
0.07181860011785286, -0.052315144261270534
0.07182572440784481, -0.05234445246322823
0.0718064039920689, -0.05237187524415026
0.0718143374416768, -0.05240156099251923
0.07179293665067514, -0.05243341172028211
0.0718261899977379, -0.052402572450982426
0.07183342340532771, -0.05240336483886455
0.07181212745640089, -0.052375669433389095
0.07179221491795709, -0.05240383272665962
0.07180005727399615, -0.052402420293143556
0.07183011991696514, -0.05234691148750854
0.07183721533334012, -0.05237626808475635
0.07181950850134611, -0.05240365659138383
0.07180198226249924, -0.05243352817936695
0.0718101369278756, -0.05246263328902523
0.07186937046450446, -0.052431572786203896
0.07184759346388678, -0.05243284533315572
0.07185379431249428, -0.052433422898059634
0.07183645329492405, -0.052434360193656715
0.07187169846399769, -0.05240166202111981
0.07187627977060804, -0.05243301756937772
0.071856155915904, -0.05243405023550673
0.07186421716265083, -0.052459473169395615
0.07184543923919395, -0.05249131184764002
0.07190468484319022, -0.052457764140714715
0.07188291485588856, -0.05246053023602227
0.07186326450679113, -0.05246179835770694
0.07187068463688652, -0.05246266953060503
0.07184959881384498, -0.05246367616531635
0.07190841375912971, -0.05240554047875476
0.07191565431695233, -0.05243487859284559
0.07189521552167773, -0.05246458332602369
0.07187721883232084, -0.052490687910703326
0.07188149900416692, -0.052522172901757584
0.07191453771695137, -0.05246434409501928
0.07192472004148204, -0.052467160858872715
0.07190534174347715, -0.052495210393474004
0.07191243924424645, -0.0524959583569746
0.07188916690958833, -0.052496845601036055
0.07191973016652331, -0.05243919786092457
0.0719278459658234, -0.05246856096998229
0.07190771867712446, -0.05249849055315496
0.07191650489860603, -0.052498841727346715
0.07189698912536543, -0.05252661586254312
0.07195552640152857, -0.05249545976951331
0.07195943532027099, -0.052498424966137755
0.07194024684385379, -0.05252638716644959
0.0719459816772896, -0.052522879129373326
0.071926830561074, -0.052523878645378
0.0719611072198705, -0.052492946532716064
0.07196723645352181, -0.05252442724536079
0.07197473410902165, -0.05255381579396648
0.07195400322571231, -0.052554703922816935
0.07196283799946697, -0.05258179533195286
0.07199625331932143, -0.05252601460432564
0.07200262024112597, -0.052553816281633345
0.07198224660220438, -0.052554916950871576
0.07196270410251829, -0.052556306391063144
0.07197087747071797, -0.05255440696222896
0.0720255197084897, -0.0525233828786453
0.07200399766914901, -0.05252429980232163
0.07198437152781458, -0.05255416114886389
0.07199199534717413, -0.0525816039249543
0.07197492024823367, -0.05260944806974933
0.0720304950610491, -0.052551893560979175
0.07201026441842709, -0.05255927080156747
0.07201721653652914, -0.05255991161620383
0.07199687443620845, -0.05258369599977006
0.07200659708953341, -0.05258419035169199
0.07203679104800988, -0.05252670569710197
0.07204539382413408, -0.05255634811980689
0.0720259280679553, -0.05258629251641572
0.0720060083964099, -0.05258734721239867
0.07201448996456584, -0.05261904448579097
0.07207262746707294, -0.0525589004685042
0.0720518815279171, -0.05256143176096984
0.07203291003751316, -0.05258950070211664
0.0720397240957594, -0.05259016017558874
0.07201975095266082, -0.052620035876075645
0.07208126650388014, -0.05255977782020816
0.07208804141176835, -0.052560410775812486
0.0720684758701194, -0.05259038120194962
0.07207545433962531, -0.05261970143521448
0.0720553097510778, -0.05261868057074882
0.0721133042103351, -0.05256299482211845
0.07211650444179042, -0.05256381936691782
0.07209831914480545, -0.05259384452675881
0.07208014062184061, -0.05259469541909068
0.07208663597619422, -0.05262232035448608
0.07214396469417117, -0.05256577539471632
0.07212399648978199, -0.052593689181912796
0.07213218886086362, -0.05262321999063794
0.07211102188981544, -0.052624223729828216
0.07211914518753437, -0.05262658046918582
0.07217147982848104, -0.052568443365607766
0.07215305690835921, -0.052596343368744386
0.07213369779766197, -0.05259542704048673
0.07214242129499977, -0.05262715774641587
0.07212387763216647, -0.05265292380857678
0.07218260788364424, -0.052568293027174716
0.07216465635094117, -0.05259844584102443
0.07214365800590684, -0.05259900847564436
0.07215057534253384, -0.052626548101182724
0.072129354061315, -0.0526274780971927
0.07218934162382644, -0.05257354032358823
0.07219844588433426, -0.0526013907806945
0.07217817543995034, -0.05260252139802248
0.07218366878717651, -0.052632101911059784
0.07216288025157858, -0.05263503737108741
0.0722453827128844, -0.05257645508618429
0.072223439043059, -0.052604584624454394
0.07222924791494048, -0.05263456968452675
0.07221081868628734, -0.05263348007668471
0.07219036339025872, -0.05266341470396569
0.07224520407512093, -0.05257884408291307
0.07225450938805518, -0.052608610277923
0.07223452598536084, -0.052609941437205314
0.07221330143779406, -0.05261098409254124
0.07222148614280804, -0.05263645003712711
0.07228132740167803, -0.05258246072699087
0.07226251620652707, -0.052614451801518504
0.07224225527878696, -0.05261561813184612
0.07222478417178618, -0.052645899547359175
0.07223292197940705, -0.05264243239760792
0.07228980882059885, -0.05256176198146545
0.07226954545707119, -0.05259166208146275
0.07224963590586131, -0.05261954676564966
0.07225869002451568, -0.05262035640502082
0.07223777697283644, -0.05262133156722058
0.07229730925857943, -0.05256130580175867
0.07227574964108528, -0.05256248095303246
0.07228389767918972, -0.05259225657220356
0.07226409191807211, -0.052593367903598004
0.07224569144889957, -0.05262333102839996
0.07233054416749565, -0.05256690532798067
0.07231039065529507, -0.052568102206146966
0.07229084503689577, -0.0525980073408713
0.07229743917655092, -0.052596566058908424
0.07227714227116197, -0.052597682077890305
0.07233794153009795, -0.052541288328945626
0.07234406247661869, -0.05257100390841393
0.07234831393613812, -0.052571713180689546
0.07232872467362195, -0.05259944793215114
0.07230774897342991, -0.05263118465226415
0.07239402806858278, -0.05254374764153556
0.07237482126165026, -0.05254418853890349
0.0723796281841955, -0.052573719438338086
0.07236014525106774, -0.05260369128781166
0.07236676825069964, -0.0526042614902109
0.0724264593113478, -0.05254562549294036
0.0724269978638135, -0.052546823136599446
0.07240790723642074, -0.05257685069110015
0.07241559375198063, -0.05260627873532766
0.07239526658551695, -0.05260939203864415
0.07245235974872068, -0.05254903703772078
0.07245907878591072, -0.05254968595912981
0.07244001520137278, -0.05257974798918541
0.07244689962512704, -0.052580325202841276
0.0724269876495036, -0.05261018311065287
0.07251017268619736, -0.05255546207100951
0.07249078375930836, -0.052556679522037936
0.07249814679613176, -0.05255696571554152
0.07247814411337808, -0.052582813337965786
0.072459172043922, -0.05258410051795473
0.07254312928309788, -0.0525254304312353
0.0725219090147137, -0.052528188851136914
0.07252963923440638, -0.052528475781393975
0.0725089352523946, -0.0525583227023215
0.072517181984801, -0.05258794116002223
0.07257160728601497, -0.05250670523410782
0.07257943813448894, -0.05253430930101554
0.07255664249159458, -0.05253551996039169
0.07256259262075387, -0.0525586628400651
0.07254533344642419, -0.052559674990463365
0.07263107564662144, -0.052506785753710906
0.07260632855309429, -0.05250793350271538
0.0725632832774342, -0.05243177769706471
0.0721241974430306, -0.05203674607157419
0.07259213794062237, -0.051687424040283314
0.07269539172410898, -0.051833441349374
0.07274618301892535, -0.052169650564100396
0.07290149589040773, -0.0524184756464226
0.0730002935852313, -0.05236541308001558
0.07306644967989084, -0.05261061586288684
0.07312510204712612, -0.05274348716620825
0.0730616808940964, -0.05274925237437254
0.07307033637507797, -0.05261335723964203
0.07306642543583294, -0.05240520899763768
0.07300154515952491, -0.05216000545982768
0.07303565898733257, -0.051883407619660746
0.07302797538495868, -0.05174433152911845
0.07310807765484391, -0.051685554406743266
0.0731732636797629, -0.05170237434265464
0.07325044735425552, -0.051652378976343415
0.07349714073373344, -0.051370340804483154
0.07358469354408727, -0.05102313473424025
0.07373991142930157, -0.050558105006638654
0.0740937991363413, -0.05014518352825634
0.07442998397074413, -0.04921590477598606
0.07474552041061024, -0.04856853317750923
0.07475524917676833, -0.04755667293109818
0.07486952540508203, -0.04636543549156022
0.07493408696945164, -0.04516292012037583
0.07505972753737207, -0.0440538390218311
0.07505894800219204, -0.042591461888469365
0.07509298706559439, -0.04128089310994206
0.07549242037217313, -0.03995210471606719
0.07603068332486092, -0.038593168132318535
0.07667328112178791, -0.03673919863437533
0.07796203028730599, -0.03574855468631045
0.07896090468047766, -0.03433375812222095
0.0795312872592115, -0.032138572457483285
0.07999868709005992, -0.03132095221835835
0.08055286167794543, -0.029013621727075407
0.08076486915953196, -0.027313337086379966
0.08109639692922783, -0.025535252904541894
0.08115042729177684, -0.024123809148545557
0.08136650310760876, -0.021534397018827194
0.08229326252095577, -0.020658326964387543
0.08329867142699339, -0.018654631146676426
0.08444351866225328, -0.017066882073500364
0.08519139435236411, -0.014877859398119796
0.0857374044785871, -0.01274875072690799
0.08617518290534024, -0.011585049003800025
0.08658927231454766, -0.009603839572577851
0.08695605165623646, -0.007026216108491311
0.08723822913145181, -0.0054128032278582495
0.08792058708739503, -0.0033199110813963164
0.08857016049784043, -0.0006493701687325806
0.08959929265182766, 0.0014362145379681766
0.09067114473873744, 0.002963880603865349
0.0916011469947511, 0.005412108873010702
0.09210610688078255, 0.0069534803283157
0.09247878331130409, 0.009167797290364222
0.09259104242396213, 0.011168972156672988
0.09288493612887994, 0.012340713673428289
0.09361918097546158, 0.014336562463333582
0.09448481200694568, 0.015519020409380677
0.09552650128756066, 0.016851284630632277
0.0962138671085802, 0.018960635794634147
0.09697169943115541, 0.020952591453074872
0.09724352092867106, 0.02269576874726433
0.0976783546271137, 0.024051600423020177
0.09771288245509405, 0.025261590612917304
0.09791478552225903, 0.027316131928286164
0.09818719581125789, 0.029264078431937707
0.09840205650881405, 0.030881421642111512
0.099161746856221, 0.03191342190149843
0.09919234540753828, 0.033354984776343695
0.09952499337284593, 0.034249177313788175
0.0996850411620683, 0.0356391495040044
0.09991268938119192, 0.03650815820060428
0.10022124800136345, 0.03702267362079129
0.10081277792492183, 0.037736450376469485
0.10110199708014042, 0.038641189191832126
0.10156861352605134, 0.0393450843047472
0.10233890551961411, 0.040313120106848455
0.10282331231412437, 0.04122045708362593
0.10324863749180771, 0.042796672928456785
0.10373795507790243, 0.04395282460712369
0.10407108247253447, 0.04567574354941113
0.10444890656915883, 0.0466850286521601
0.10509001340502289, 0.04753624630807444
0.10549893454390871, 0.04884824231125098
0.10569071717713469, 0.04964835354749608
0.10578478941066548, 0.050196623730317476
0.10570044484721332, 0.050928973132808725
0.10583945299699399, 0.050692474288915254
0.10589995566155616, 0.050606815927670495
0.10599437080461312, 0.05053888254836002
0.10594585559859013, 0.05026408310649186
0.10591452387555875, 0.04999447534132306
0.10590914848364065, 0.04978854944818215
0.1059308691351821, 0.049734885023025206
0.10599051091580079, 0.04990875761459434
0.10599154904892448, 0.05011620868893488
0.10601074123161354, 0.05035785843694737
0.10600696030364501, 0.05056884978180251
0.10600621805891267, 0.05072005412610891
0.10608133912610582, 0.05083524579443478
0.10609129547824699, 0.05074988043391031
0.10607144707367179, 0.05054701159365881
0.10605697244605441, 0.050369340865687486
0.1060445218769906, 0.05019140252787394
0.10610159591260133, 0.05022037854794814
0.10611220614206288, 0.05025041334729363
0.10611713933565797, 0.050340337351956796
0.1061127819753809, 0.05048966264512832
0.10611564351508859, 0.050643146119357565
0.10618964810162272, 0.05084763807057953
0.10618875541331431, 0.050879804320328834
0.10616785492538212, 0.05082726011337124
0.10615373352710344, 0.05067871803710036
0.10613190328214915, 0.05053665669687862
0.10621658065559944, 0.05052978595856207
0.10622424820670695, 0.05044653685757132
0.10623104089834257, 0.050447861147489344
0.10621093343379999, 0.05050879035946103
0.10621695035866238, 0.05062478373157808
0.1062892853103496, 0.05083255719388858
0.10628355680403005, 0.05089792770531192
0.10628619419163012, 0.05093115315711286
0.10626728257208451, 0.0509022561755545
0.10627074810847165, 0.050815622104971814
0.10634268599941649, 0.050783513876914925
0.10631394196430784, 0.05070221050938314
0.10631558330934088, 0.050646355097381295
0.10632804770650099, 0.05061926134009519
0.10630979730297231, 0.05067814709926049
0.10636984925353321, 0.05082819174558599
0.10636768509446422, 0.050921529093905446
0.10636595550108233, 0.050985606526121614
0.10634500005823996, 0.050987166070173964
0.10634889488620645, 0.050961270008652186
0.10643571376052129, 0.05098905092772325
0.10640089387414255, 0.05087782186537535
0.10637118306796557, 0.050795252153064796
0.10635074076911308, 0.05073759116675189
0.10636000430251705, 0.05071068963444298
0.10641348965427945, 0.05083354020410775
0.10637861137576192, 0.05090663549049067
0.10631667285082416, 0.050951896683743676
0.10624423535368731, 0.050944850996543285
0.10620287357922258, 0.05093055337420204
0.10626697967672091, 0.05096496414322647
0.10624946834141905, 0.0508780740955234
0.10624450367153145, 0.05076402001964069
0.10622882856703904, 0.050678443909048326
0.10621232122978388, 0.05065172953115326
0.1063210234674899, 0.05074176602010018
0.10629692509604526, 0.05077503709531733
0.10629924618523545, 0.050836242232728826
0.10630445484753713, 0.0508971980903882
0.10628422786544413, 0.050901540846487334
0.10639038231887199, 0.05102063111373678
0.10637066512393235, 0.05096526650705695
0.10637220463786785, 0.050909322655694485
0.1063564178699406, 0.05085209799420825
0.10635852548278606, 0.05076319518307572
0.10643599366130745, 0.050848885114051307
0.10643812810540426, 0.05085125140945298
0.10644020957242989, 0.05088552072980555
0.1064225641867, 0.05091747401125056
0.10640049486464839, 0.050950004816270704
0.10648807260885272, 0.051095158631706654
0.10648476399854132, 0.05106681557944373
0.10646923422907638, 0.05104174938967249
0.10647551178163178, 0.05098439304987158
0.10645375008318991, 0.050958045005202894
0.1065566605323918, 0.05101386647151504
0.10653794177965493, 0.05098944973467341
0.10653797414472443, 0.051017404764119416
0.10654685522416862, 0.051019283183973814
0.10652704347017025, 0.051052126641075404
0.10661110205882272, 0.05116566711358681
0.10662256938068988, 0.051170462955575466
0.1066232875376233, 0.05117021949642359
0.10659504612687862, 0.05111715432354443
0.10661139184292567, 0.05108882167703408
0.10668414713627161, 0.05116970325510837
0.10666634438157731, 0.051140912073078186
0.10666996256359716, 0.05114310061552387
0.10665317881049796, 0.05114707964544672
0.10665521196505495, 0.051177029059034936
0.10673593099556104, 0.051283907353232655